text,label
"Worst purchase ever. flimsy construction, flimsy support.",0
Exceeded all my expectations. Incredibly amazing.,2
It arrived on time. Seems plain quality for the price.,1
Terrible product! Completely flimsy and crushedd my expectations.,0
Best purchase I've made in years. Truly excellent.,2
Zero stars if I could. flimsy all around.,0
Total waste of money. defective from day one.,0
Could not be happier. brilliant and brilliant experience.,2
This product is absolutely amazing! I enjoy it so much.,2
Cheap and horrible. Fell apart immediately.,0
Could not be happier. outstanding and outstanding experience.,2
Amazing! excellent and adored every bit of it.,2
Does the job. Would've preferred something more average.,1
"Not bad, not great. Pretty moderate overall.",1
"Worst purchase ever. horrible construction, horrible support.",0
Five stars! Everything about this is outstanding.,2
"Standard quality, basic packaging, average delivery.",1
"excellent quality, excellent service. Highly recommend!",2
Acceptable. Nothing stands out — quite plain.,1
I was superbly surprised — adored it completely.,2
Terrible product! Completely awful and crushedd my expectations.,0
"Worst purchase ever. defective construction, defective support.",0
Five stars! Everything about this is fantastic.,2
Does the job. Would've preferred something more average.,1
Amazing! excellent and enjoyd every bit of it.,2
Exceeded all my expectations. Incredibly superb.,2
"Standard quality, ordinary packaging, average delivery.",1
Acceptable. Nothing stands out — quite moderate.,1
Cheap and dreadful. Fell apart immediately.,0
Exceeded all my expectations. Incredibly excellent.,2
Could not be happier. fantastic and fantastic experience.,2
Regret buying this. poor quality for any price.,0
"Totally amazing, would appreciate to all my friends.",2
Acceptable. Nothing stands out — quite average.,1
Do NOT buy this. Absolutely awful quality.,0
Does the job. Would've preferred something more standard.,1
This product is absolutely outstanding! I love it so much.,2
Could not be happier. superb and superb experience.,2
"Not bad, not great. Pretty plain overall.",1
Regret buying this. flimsy quality for any price.,0
Decent enough. Could be averageer but works fine.,1
Outstanding! The brilliant quality speaks for itself.,2
Returned immediately. flimsy smell and flimsy finish.,0
This product is absolutely superb! I enjoy it so much.,2
Total waste of money. terrible from day one.,0
It arrived on time. Seems moderate quality for the price.,1
"excellent quality, excellent service. Highly recommend!",2
"Standard quality, moderate packaging, average delivery.",1
Outstanding! The fantastic quality speaks for itself.,2
Best purchase I've made in years. Truly fantastic.,2
Could not be happier. fantastic and fantastic experience.,2
Five stars! Everything about this is fantastic.,2
Works as described. Nothing standard about it.,1
Best purchase I've made in years. Truly brilliant.,2
"It's okay, does what it says. Nothing ordinary.",1
Returned immediately. terrible smell and terrible finish.,0
Horrible experience from start to finish. Very terrible.,0
"Totally excellent, would recommend to all my friends.",2
Best purchase I've made in years. Truly superb.,2
"Totally outstanding, would adore to all my friends.",2
Five stars! Everything about this is superb.,2
Returned immediately. defective smell and defective finish.,0
Exceeded all my expectations. Incredibly outstanding.,2
I was wonderfully surprised — adored it completely.,2
"Standard quality, basic packaging, average delivery.",1
This product is absolutely fantastic! I recommend it so much.,2
It arrived on time. Seems plain quality for the price.,1
"Standard quality, plain packaging, average delivery.",1
I expected more. It's just basic at best.,1
Best purchase I've made in years. Truly brilliant.,2
"fantastic quality, fantastic service. Highly recommend!",2
Exceeded all my expectations. Incredibly wonderful.,2
Could not be happier. fantastic and fantastic experience.,2
Terrible product! Completely dreadful and shatteredd my expectations.,0
I expected more. It's just standard at best.,1
Outstanding! The wonderful quality speaks for itself.,2
Best purchase I've made in years. Truly brilliant.,2
Returned immediately. flimsy smell and flimsy finish.,0
"Not bad, not great. Pretty basic overall.",1
Outstanding! The excellent quality speaks for itself.,2
Amazing! fantastic and appreciated every bit of it.,2
Cheap and awful. Fell apart immediately.,0
Amazing! amazing and recommendd every bit of it.,2
Do NOT buy this. Absolutely flimsy quality.,0
Cheap and poor. Fell apart immediately.,0
"Average product, not basic but not bad either.",1
"Standard quality, ordinary packaging, average delivery.",1
This product is absolutely superb! I adore it so much.,2
Returned immediately. horrible smell and horrible finish.,0
Amazing! amazing and adored every bit of it.,2
Regret buying this. defective quality for any price.,0
"outstanding quality, outstanding service. Highly recommend!",2
Do NOT buy this. Absolutely defective quality.,0
I expected more. It's just basic at best.,1
Acceptable. Nothing stands out — quite moderate.,1
I expected more. It's just ordinary at best.,1
"Standard quality, average packaging, average delivery.",1
It arrived on time. Seems moderate quality for the price.,1
Five stars! Everything about this is excellent.,2
Acceptable. Nothing stands out — quite plain.,1
It arrived on time. Seems plain quality for the price.,1
Five stars! Everything about this is amazing.,2
Do NOT buy this. Absolutely poor quality.,0
Do NOT buy this. Absolutely horrible quality.,0
Regret buying this. flimsy quality for any price.,0
"Worst purchase ever. defective construction, defective support.",0
I'm flimsyly disappointed. Broke after a week.,0
Terrible product! Completely terrible and destroyedd my expectations.,0
Terrible product! Completely awful and crushedd my expectations.,0
"Average product, not plain but not bad either.",1
Cheap and dreadful. Fell apart immediately.,0
Does the job. Would've preferred something more ordinary.,1
Exceeded all my expectations. Incredibly outstanding.,2
Terrible product! Completely flimsy and ruinedd my expectations.,0
Exceeded all my expectations. Incredibly outstanding.,2
Cheap and poor. Fell apart immediately.,0
"Totally brilliant, would love to all my friends.",2
Outstanding! The excellent quality speaks for itself.,2
Exceeded all my expectations. Incredibly outstanding.,2
Decent enough. Could be plainer but works fine.,1
Amazing! fantastic and loved every bit of it.,2
I expected more. It's just ordinary at best.,1
Five stars! Everything about this is superb.,2
"Totally superb, would enjoy to all my friends.",2
Outstanding! The excellent quality speaks for itself.,2
I was brilliantly surprised — adored it completely.,2
Amazing! outstanding and appreciated every bit of it.,2
Total waste of money. flimsy from day one.,0
Returned immediately. terrible smell and terrible finish.,0
Decent enough. Could be moderateer but works fine.,1
Decent enough. Could be moderateer but works fine.,1
"Standard quality, ordinary packaging, average delivery.",1
Does the job. Would've preferred something more ordinary.,1
Acceptable. Nothing stands out — quite average.,1
Works as described. Nothing average about it.,1
"It's okay, does what it says. Nothing ordinary.",1
It arrived on time. Seems average quality for the price.,1
Terrible product! Completely horrible and shatteredd my expectations.,0
"excellent quality, excellent service. Highly recommend!",2
I expected more. It's just average at best.,1
Terrible product! Completely terrible and crushedd my expectations.,0
Exceeded all my expectations. Incredibly outstanding.,2
Do NOT buy this. Absolutely flimsy quality.,0
Do NOT buy this. Absolutely dreadful quality.,0
Outstanding! The outstanding quality speaks for itself.,2
"Standard quality, moderate packaging, average delivery.",1
Five stars! Everything about this is outstanding.,2
"Not bad, not great. Pretty basic overall.",1
Outstanding! The excellent quality speaks for itself.,2
"Not bad, not great. Pretty standard overall.",1
"Average product, not standard but not bad either.",1
Best purchase I've made in years. Truly excellent.,2
Returned immediately. dreadful smell and dreadful finish.,0
"Standard quality, ordinary packaging, average delivery.",1
Terrible product! Completely defective and crushedd my expectations.,0
Best purchase I've made in years. Truly excellent.,2
Outstanding! The brilliant quality speaks for itself.,2
Decent enough. Could be plainer but works fine.,1
It arrived on time. Seems standard quality for the price.,1
Do NOT buy this. Absolutely dreadful quality.,0
Decent enough. Could be averageer but works fine.,1
"excellent quality, excellent service. Highly recommend!",2
I'm poorly disappointed. Broke after a week.,0
Exceeded all my expectations. Incredibly brilliant.,2
Amazing! wonderful and appreciated every bit of it.,2
Exceeded all my expectations. Incredibly brilliant.,2
"Worst purchase ever. defective construction, defective support.",0
Could not be happier. fantastic and fantastic experience.,2
Do NOT buy this. Absolutely dreadful quality.,0
Best purchase I've made in years. Truly amazing.,2
"It's okay, does what it says. Nothing average.",1
I expected more. It's just ordinary at best.,1
Five stars! Everything about this is amazing.,2
"Average product, not basic but not bad either.",1
Works as described. Nothing standard about it.,1
I was amazingly surprised — adored it completely.,2
"Standard quality, standard packaging, average delivery.",1
"Average product, not ordinary but not bad either.",1
Cheap and flimsy. Fell apart immediately.,0
"Average product, not basic but not bad either.",1
Works as described. Nothing standard about it.,1
Works as described. Nothing standard about it.,1
Decent enough. Could be basicer but works fine.,1
Returned immediately. flimsy smell and flimsy finish.,0
Amazing! excellent and enjoyd every bit of it.,2
Zero stars if I could. flimsy all around.,0
"Standard quality, standard packaging, average delivery.",1
Do NOT buy this. Absolutely horrible quality.,0
"Standard quality, average packaging, average delivery.",1
I expected more. It's just plain at best.,1
Outstanding! The brilliant quality speaks for itself.,2
It arrived on time. Seems moderate quality for the price.,1
Five stars! Everything about this is superb.,2
Returned immediately. terrible smell and terrible finish.,0
I'm terriblely disappointed. Broke after a week.,0
Do NOT buy this. Absolutely flimsy quality.,0
Zero stars if I could. flimsy all around.,0
I was wonderfully surprised — enjoyd it completely.,2
Do NOT buy this. Absolutely defective quality.,0
Outstanding! The outstanding quality speaks for itself.,2
Total waste of money. poor from day one.,0
"Worst purchase ever. defective construction, defective support.",0
"Standard quality, ordinary packaging, average delivery.",1
Terrible product! Completely awful and crushedd my expectations.,0
Regret buying this. awful quality for any price.,0
Works as described. Nothing average about it.,1
Horrible experience from start to finish. Very poor.,0
I'm terriblely disappointed. Broke after a week.,0
Outstanding! The amazing quality speaks for itself.,2
I'm awfully disappointed. Broke after a week.,0
This product is absolutely wonderful! I recommend it so much.,2
Cheap and defective. Fell apart immediately.,0
"Not bad, not great. Pretty basic overall.",1
"Average product, not moderate but not bad either.",1
Works as described. Nothing basic about it.,1
This product is absolutely brilliant! I appreciate it so much.,2
Outstanding! The wonderful quality speaks for itself.,2
Best purchase I've made in years. Truly brilliant.,2
"Average product, not ordinary but not bad either.",1
This product is absolutely wonderful! I enjoy it so much.,2
Decent enough. Could be plainer but works fine.,1
Horrible experience from start to finish. Very defective.,0
"outstanding quality, outstanding service. Highly recommend!",2
Decent enough. Could be moderateer but works fine.,1
"amazing quality, amazing service. Highly recommend!",2
"It's okay, does what it says. Nothing plain.",1
Outstanding! The brilliant quality speaks for itself.,2
I'm defectively disappointed. Broke after a week.,0
Do NOT buy this. Absolutely terrible quality.,0
Cheap and awful. Fell apart immediately.,0
This product is absolutely outstanding! I recommend it so much.,2
I was wonderfully surprised — enjoyd it completely.,2
Amazing! wonderful and loved every bit of it.,2
"Average product, not moderate but not bad either.",1
Best purchase I've made in years. Truly excellent.,2
Amazing! brilliant and enjoyd every bit of it.,2
Cheap and terrible. Fell apart immediately.,0
Do NOT buy this. Absolutely terrible quality.,0
Returned immediately. dreadful smell and dreadful finish.,0
Acceptable. Nothing stands out — quite plain.,1
Works as described. Nothing plain about it.,1
Horrible experience from start to finish. Very awful.,0
Decent enough. Could be ordinaryer but works fine.,1
Zero stars if I could. horrible all around.,0
"Totally superb, would love to all my friends.",2
Returned immediately. flimsy smell and flimsy finish.,0
Outstanding! The excellent quality speaks for itself.,2
It arrived on time. Seems plain quality for the price.,1
Horrible experience from start to finish. Very dreadful.,0
Outstanding! The excellent quality speaks for itself.,2
Total waste of money. flimsy from day one.,0
I expected more. It's just average at best.,1
I'm defectively disappointed. Broke after a week.,0
"Standard quality, moderate packaging, average delivery.",1
Decent enough. Could be standarder but works fine.,1
Zero stars if I could. awful all around.,0
Best purchase I've made in years. Truly amazing.,2
I was superbly surprised — enjoyd it completely.,2
I was superbly surprised — recommendd it completely.,2
Do NOT buy this. Absolutely defective quality.,0
Cheap and horrible. Fell apart immediately.,0
I expected more. It's just moderate at best.,1
Outstanding! The superb quality speaks for itself.,2
Do NOT buy this. Absolutely horrible quality.,0
I expected more. It's just average at best.,1
"It's okay, does what it says. Nothing ordinary.",1
Could not be happier. outstanding and outstanding experience.,2
"Not bad, not great. Pretty basic overall.",1
Works as described. Nothing plain about it.,1
Decent enough. Could be plainer but works fine.,1
"Standard quality, basic packaging, average delivery.",1
Cheap and awful. Fell apart immediately.,0
Decent enough. Could be moderateer but works fine.,1
Works as described. Nothing moderate about it.,1
Could not be happier. brilliant and brilliant experience.,2
"amazing quality, amazing service. Highly recommend!",2
"Standard quality, plain packaging, average delivery.",1
Do NOT buy this. Absolutely dreadful quality.,0
It arrived on time. Seems standard quality for the price.,1
Zero stars if I could. terrible all around.,0
Zero stars if I could. dreadful all around.,0
Five stars! Everything about this is outstanding.,2
"Standard quality, standard packaging, average delivery.",1
Works as described. Nothing basic about it.,1
Acceptable. Nothing stands out — quite ordinary.,1
Works as described. Nothing ordinary about it.,1
Zero stars if I could. flimsy all around.,0
Zero stars if I could. dreadful all around.,0
I expected more. It's just plain at best.,1
Horrible experience from start to finish. Very defective.,0
"Worst purchase ever. dreadful construction, dreadful support.",0
Regret buying this. horrible quality for any price.,0
"It's okay, does what it says. Nothing moderate.",1
"Worst purchase ever. awful construction, awful support.",0
"Not bad, not great. Pretty basic overall.",1
"outstanding quality, outstanding service. Highly recommend!",2
"Standard quality, basic packaging, average delivery.",1
Terrible product! Completely horrible and destroyedd my expectations.,0
"amazing quality, amazing service. Highly recommend!",2
Outstanding! The outstanding quality speaks for itself.,2
Terrible product! Completely awful and betrayedd my expectations.,0
Regret buying this. defective quality for any price.,0
Outstanding! The wonderful quality speaks for itself.,2
I was outstandingly surprised — recommendd it completely.,2
Zero stars if I could. awful all around.,0
Amazing! wonderful and adored every bit of it.,2
Returned immediately. terrible smell and terrible finish.,0
Regret buying this. awful quality for any price.,0
"Totally brilliant, would enjoy to all my friends.",2
Horrible experience from start to finish. Very flimsy.,0
Five stars! Everything about this is amazing.,2
I expected more. It's just standard at best.,1
"Worst purchase ever. dreadful construction, dreadful support.",0
Outstanding! The amazing quality speaks for itself.,2
It arrived on time. Seems average quality for the price.,1
Horrible experience from start to finish. Very flimsy.,0
Amazing! wonderful and recommendd every bit of it.,2
Returned immediately. dreadful smell and dreadful finish.,0
Works as described. Nothing basic about it.,1
Amazing! outstanding and loved every bit of it.,2
I'm defectively disappointed. Broke after a week.,0
Best purchase I've made in years. Truly amazing.,2
Exceeded all my expectations. Incredibly excellent.,2
"Average product, not average but not bad either.",1
I was amazingly surprised — enjoyd it completely.,2
Works as described. Nothing ordinary about it.,1
Zero stars if I could. flimsy all around.,0
"Worst purchase ever. defective construction, defective support.",0
"Average product, not basic but not bad either.",1
Five stars! Everything about this is wonderful.,2
Decent enough. Could be standarder but works fine.,1
Do NOT buy this. Absolutely horrible quality.,0
Regret buying this. poor quality for any price.,0
Regret buying this. dreadful quality for any price.,0
I'm defectively disappointed. Broke after a week.,0
"Totally excellent, would appreciate to all my friends.",2
Total waste of money. defective from day one.,0
I was brilliantly surprised — adored it completely.,2
"Not bad, not great. Pretty average overall.",1
I'm flimsyly disappointed. Broke after a week.,0
Outstanding! The amazing quality speaks for itself.,2
Works as described. Nothing plain about it.,1
I expected more. It's just basic at best.,1
Works as described. Nothing plain about it.,1
"outstanding quality, outstanding service. Highly recommend!",2
Does the job. Would've preferred something more plain.,1
Outstanding! The amazing quality speaks for itself.,2
I expected more. It's just plain at best.,1
"excellent quality, excellent service. Highly recommend!",2
Exceeded all my expectations. Incredibly superb.,2
Five stars! Everything about this is superb.,2
Outstanding! The superb quality speaks for itself.,2
"Standard quality, plain packaging, average delivery.",1
"excellent quality, excellent service. Highly recommend!",2
"Not bad, not great. Pretty average overall.",1
Zero stars if I could. poor all around.,0
Cheap and terrible. Fell apart immediately.,0
I was brilliantly surprised — enjoyd it completely.,2
"Average product, not basic but not bad either.",1
"It's okay, does what it says. Nothing moderate.",1
Returned immediately. poor smell and poor finish.,0
Amazing! fantastic and loved every bit of it.,2
"Worst purchase ever. awful construction, awful support.",0
Works as described. Nothing plain about it.,1
Acceptable. Nothing stands out — quite plain.,1
"Standard quality, average packaging, average delivery.",1
I'm horriblely disappointed. Broke after a week.,0
Acceptable. Nothing stands out — quite ordinary.,1
Acceptable. Nothing stands out — quite basic.,1
Outstanding! The excellent quality speaks for itself.,2
This product is absolutely amazing! I appreciate it so much.,2
"Not bad, not great. Pretty average overall.",1
"Worst purchase ever. defective construction, defective support.",0
Does the job. Would've preferred something more ordinary.,1
Does the job. Would've preferred something more standard.,1
Exceeded all my expectations. Incredibly outstanding.,2
Horrible experience from start to finish. Very awful.,0
Total waste of money. terrible from day one.,0
Decent enough. Could be ordinaryer but works fine.,1
Five stars! Everything about this is amazing.,2
Horrible experience from start to finish. Very horrible.,0
Best purchase I've made in years. Truly fantastic.,2
Acceptable. Nothing stands out — quite plain.,1
"Average product, not moderate but not bad either.",1
Outstanding! The superb quality speaks for itself.,2
Could not be happier. wonderful and wonderful experience.,2
"It's okay, does what it says. Nothing basic.",1
I expected more. It's just plain at best.,1
Horrible experience from start to finish. Very flimsy.,0
It arrived on time. Seems ordinary quality for the price.,1
"superb quality, superb service. Highly recommend!",2
"amazing quality, amazing service. Highly recommend!",2
"Worst purchase ever. horrible construction, horrible support.",0
I was fantasticly surprised — appreciated it completely.,2
"Average product, not standard but not bad either.",1
I expected more. It's just basic at best.,1
"Average product, not basic but not bad either.",1
Amazing! excellent and appreciated every bit of it.,2
"wonderful quality, wonderful service. Highly recommend!",2
Regret buying this. awful quality for any price.,0
Total waste of money. poor from day one.,0
Best purchase I've made in years. Truly superb.,2
"It's okay, does what it says. Nothing ordinary.",1
Returned immediately. horrible smell and horrible finish.,0
Outstanding! The outstanding quality speaks for itself.,2
"Totally outstanding, would love to all my friends.",2
Best purchase I've made in years. Truly outstanding.,2
Five stars! Everything about this is wonderful.,2
Amazing! outstanding and adored every bit of it.,2
"Worst purchase ever. dreadful construction, dreadful support.",0
Terrible product! Completely horrible and destroyedd my expectations.,0
Returned immediately. flimsy smell and flimsy finish.,0
Five stars! Everything about this is outstanding.,2
This product is absolutely excellent! I adore it so much.,2
"Not bad, not great. Pretty standard overall.",1
"Not bad, not great. Pretty average overall.",1
Do NOT buy this. Absolutely awful quality.,0
"Totally superb, would recommend to all my friends.",2
Acceptable. Nothing stands out — quite ordinary.,1
"Worst purchase ever. awful construction, awful support.",0
Total waste of money. terrible from day one.,0
Does the job. Would've preferred something more standard.,1
Regret buying this. defective quality for any price.,0
Acceptable. Nothing stands out — quite average.,1
Five stars! Everything about this is excellent.,2
"It's okay, does what it says. Nothing basic.",1
Cheap and horrible. Fell apart immediately.,0
Horrible experience from start to finish. Very terrible.,0
Total waste of money. flimsy from day one.,0
Five stars! Everything about this is fantastic.,2
Acceptable. Nothing stands out — quite plain.,1
I'm terriblely disappointed. Broke after a week.,0
Exceeded all my expectations. Incredibly wonderful.,2
It arrived on time. Seems basic quality for the price.,1
"Not bad, not great. Pretty moderate overall.",1
"Worst purchase ever. flimsy construction, flimsy support.",0
Exceeded all my expectations. Incredibly fantastic.,2
Five stars! Everything about this is superb.,2
Zero stars if I could. defective all around.,0
Regret buying this. dreadful quality for any price.,0
Five stars! Everything about this is amazing.,2
Zero stars if I could. defective all around.,0
It arrived on time. Seems moderate quality for the price.,1
"wonderful quality, wonderful service. Highly recommend!",2
"fantastic quality, fantastic service. Highly recommend!",2
Do NOT buy this. Absolutely terrible quality.,0
Cheap and defective. Fell apart immediately.,0
Zero stars if I could. defective all around.,0
Works as described. Nothing standard about it.,1
"Standard quality, basic packaging, average delivery.",1
Could not be happier. fantastic and fantastic experience.,2
Cheap and awful. Fell apart immediately.,0
Outstanding! The brilliant quality speaks for itself.,2
Outstanding! The brilliant quality speaks for itself.,2
"outstanding quality, outstanding service. Highly recommend!",2
I was wonderfully surprised — adored it completely.,2
"Average product, not basic but not bad either.",1
"Worst purchase ever. terrible construction, terrible support.",0
This product is absolutely wonderful! I adore it so much.,2
Total waste of money. flimsy from day one.,0
I was brilliantly surprised — loved it completely.,2
"Standard quality, moderate packaging, average delivery.",1
Decent enough. Could be moderateer but works fine.,1
Acceptable. Nothing stands out — quite basic.,1
"Standard quality, plain packaging, average delivery.",1
Terrible product! Completely defective and destroyedd my expectations.,0
Acceptable. Nothing stands out — quite moderate.,1
It arrived on time. Seems moderate quality for the price.,1
Cheap and defective. Fell apart immediately.,0
Five stars! Everything about this is excellent.,2
Works as described. Nothing standard about it.,1
Five stars! Everything about this is amazing.,2
Does the job. Would've preferred something more basic.,1
"wonderful quality, wonderful service. Highly recommend!",2
It arrived on time. Seems ordinary quality for the price.,1
Terrible product! Completely terrible and shatteredd my expectations.,0
"Not bad, not great. Pretty plain overall.",1
"Not bad, not great. Pretty ordinary overall.",1
It arrived on time. Seems moderate quality for the price.,1
I expected more. It's just moderate at best.,1
"Worst purchase ever. defective construction, defective support.",0
Cheap and defective. Fell apart immediately.,0
"amazing quality, amazing service. Highly recommend!",2
Cheap and terrible. Fell apart immediately.,0
I'm defectively disappointed. Broke after a week.,0
"excellent quality, excellent service. Highly recommend!",2
It arrived on time. Seems moderate quality for the price.,1
Terrible product! Completely poor and crushedd my expectations.,0
I was amazingly surprised — enjoyd it completely.,2
Zero stars if I could. terrible all around.,0
This product is absolutely wonderful! I appreciate it so much.,2
"Standard quality, plain packaging, average delivery.",1
Works as described. Nothing average about it.,1
This product is absolutely fantastic! I enjoy it so much.,2
Terrible product! Completely defective and ruinedd my expectations.,0
Outstanding! The brilliant quality speaks for itself.,2
"Worst purchase ever. terrible construction, terrible support.",0
Horrible experience from start to finish. Very terrible.,0
This product is absolutely fantastic! I enjoy it so much.,2
Terrible product! Completely dreadful and betrayedd my expectations.,0
It arrived on time. Seems ordinary quality for the price.,1
"brilliant quality, brilliant service. Highly recommend!",2
I'm defectively disappointed. Broke after a week.,0
Zero stars if I could. poor all around.,0
I'm flimsyly disappointed. Broke after a week.,0
"Standard quality, moderate packaging, average delivery.",1
Best purchase I've made in years. Truly excellent.,2
Amazing! superb and appreciated every bit of it.,2
Regret buying this. flimsy quality for any price.,0
"It's okay, does what it says. Nothing plain.",1
Works as described. Nothing basic about it.,1
Outstanding! The brilliant quality speaks for itself.,2
"Standard quality, moderate packaging, average delivery.",1
"excellent quality, excellent service. Highly recommend!",2
Works as described. Nothing plain about it.,1
"superb quality, superb service. Highly recommend!",2
Exceeded all my expectations. Incredibly excellent.,2
Decent enough. Could be averageer but works fine.,1
Cheap and awful. Fell apart immediately.,0
Regret buying this. horrible quality for any price.,0
"outstanding quality, outstanding service. Highly recommend!",2
I expected more. It's just average at best.,1
Horrible experience from start to finish. Very terrible.,0
I expected more. It's just standard at best.,1
"Worst purchase ever. horrible construction, horrible support.",0
"Totally excellent, would adore to all my friends.",2
"Not bad, not great. Pretty moderate overall.",1
I expected more. It's just ordinary at best.,1
"Worst purchase ever. awful construction, awful support.",0
Outstanding! The excellent quality speaks for itself.,2
Cheap and defective. Fell apart immediately.,0
Do NOT buy this. Absolutely horrible quality.,0
Regret buying this. terrible quality for any price.,0
Returned immediately. flimsy smell and flimsy finish.,0
"Worst purchase ever. defective construction, defective support.",0
It arrived on time. Seems standard quality for the price.,1
This product is absolutely brilliant! I appreciate it so much.,2
Acceptable. Nothing stands out — quite moderate.,1
"It's okay, does what it says. Nothing average.",1
Does the job. Would've preferred something more ordinary.,1
I expected more. It's just standard at best.,1
This product is absolutely outstanding! I love it so much.,2
"It's okay, does what it says. Nothing basic.",1
"It's okay, does what it says. Nothing standard.",1
"It's okay, does what it says. Nothing plain.",1
"Standard quality, basic packaging, average delivery.",1
Outstanding! The outstanding quality speaks for itself.,2
Does the job. Would've preferred something more plain.,1
Terrible product! Completely flimsy and betrayedd my expectations.,0
It arrived on time. Seems standard quality for the price.,1
"Worst purchase ever. dreadful construction, dreadful support.",0
Best purchase I've made in years. Truly excellent.,2
Exceeded all my expectations. Incredibly amazing.,2
"Worst purchase ever. flimsy construction, flimsy support.",0
"Standard quality, average packaging, average delivery.",1
Decent enough. Could be moderateer but works fine.,1
Returned immediately. flimsy smell and flimsy finish.,0
"It's okay, does what it says. Nothing moderate.",1
Do NOT buy this. Absolutely flimsy quality.,0
Five stars! Everything about this is fantastic.,2
Does the job. Would've preferred something more plain.,1
Exceeded all my expectations. Incredibly amazing.,2
Do NOT buy this. Absolutely flimsy quality.,0
Terrible product! Completely poor and crushedd my expectations.,0
Total waste of money. awful from day one.,0
Exceeded all my expectations. Incredibly outstanding.,2
Does the job. Would've preferred something more basic.,1
"Average product, not basic but not bad either.",1
Horrible experience from start to finish. Very dreadful.,0
"fantastic quality, fantastic service. Highly recommend!",2
Do NOT buy this. Absolutely flimsy quality.,0
Could not be happier. brilliant and brilliant experience.,2
"Worst purchase ever. dreadful construction, dreadful support.",0
Best purchase I've made in years. Truly excellent.,2
Terrible product! Completely dreadful and destroyedd my expectations.,0
This product is absolutely excellent! I enjoy it so much.,2
Horrible experience from start to finish. Very flimsy.,0
I'm horriblely disappointed. Broke after a week.,0
"wonderful quality, wonderful service. Highly recommend!",2
Zero stars if I could. terrible all around.,0
Zero stars if I could. awful all around.,0
Cheap and defective. Fell apart immediately.,0
Cheap and awful. Fell apart immediately.,0
"Worst purchase ever. horrible construction, horrible support.",0
"Worst purchase ever. defective construction, defective support.",0
"Average product, not standard but not bad either.",1
I'm horriblely disappointed. Broke after a week.,0
Terrible product! Completely horrible and shatteredd my expectations.,0
Could not be happier. fantastic and fantastic experience.,2
"Totally outstanding, would enjoy to all my friends.",2
This product is absolutely superb! I love it so much.,2
Do NOT buy this. Absolutely defective quality.,0
"Not bad, not great. Pretty ordinary overall.",1
"Worst purchase ever. dreadful construction, dreadful support.",0
Decent enough. Could be basicer but works fine.,1
Exceeded all my expectations. Incredibly amazing.,2
Returned immediately. poor smell and poor finish.,0
Terrible product! Completely horrible and betrayedd my expectations.,0
Acceptable. Nothing stands out — quite standard.,1
Cheap and terrible. Fell apart immediately.,0
Exceeded all my expectations. Incredibly wonderful.,2
Regret buying this. terrible quality for any price.,0
"Standard quality, basic packaging, average delivery.",1
Horrible experience from start to finish. Very poor.,0
"Standard quality, basic packaging, average delivery.",1
Horrible experience from start to finish. Very horrible.,0
This product is absolutely excellent! I adore it so much.,2
"Average product, not moderate but not bad either.",1
Exceeded all my expectations. Incredibly wonderful.,2
"Standard quality, standard packaging, average delivery.",1
"Average product, not average but not bad either.",1
Exceeded all my expectations. Incredibly outstanding.,2
It arrived on time. Seems ordinary quality for the price.,1
Total waste of money. defective from day one.,0
Returned immediately. defective smell and defective finish.,0
Does the job. Would've preferred something more moderate.,1
Does the job. Would've preferred something more average.,1
Returned immediately. terrible smell and terrible finish.,0
Terrible product! Completely dreadful and shatteredd my expectations.,0
Amazing! outstanding and recommendd every bit of it.,2
Total waste of money. defective from day one.,0
Does the job. Would've preferred something more standard.,1
Returned immediately. poor smell and poor finish.,0
Best purchase I've made in years. Truly superb.,2
Exceeded all my expectations. Incredibly outstanding.,2
Decent enough. Could be averageer but works fine.,1
Returned immediately. defective smell and defective finish.,0
It arrived on time. Seems basic quality for the price.,1
Exceeded all my expectations. Incredibly fantastic.,2
"It's okay, does what it says. Nothing average.",1
Acceptable. Nothing stands out — quite basic.,1
Amazing! fantastic and recommendd every bit of it.,2
Total waste of money. defective from day one.,0
"Not bad, not great. Pretty standard overall.",1
Regret buying this. dreadful quality for any price.,0
Cheap and horrible. Fell apart immediately.,0
Total waste of money. flimsy from day one.,0
I'm awfully disappointed. Broke after a week.,0
"Average product, not basic but not bad either.",1
"It's okay, does what it says. Nothing average.",1
Amazing! superb and enjoyd every bit of it.,2
Returned immediately. defective smell and defective finish.,0
Returned immediately. terrible smell and terrible finish.,0
Horrible experience from start to finish. Very poor.,0
Cheap and terrible. Fell apart immediately.,0
It arrived on time. Seems ordinary quality for the price.,1
Zero stars if I could. dreadful all around.,0
It arrived on time. Seems plain quality for the price.,1
I expected more. It's just basic at best.,1
"fantastic quality, fantastic service. Highly recommend!",2
"Totally outstanding, would love to all my friends.",2
Total waste of money. dreadful from day one.,0
I expected more. It's just average at best.,1
Exceeded all my expectations. Incredibly wonderful.,2
Horrible experience from start to finish. Very awful.,0
"Average product, not basic but not bad either.",1
Could not be happier. fantastic and fantastic experience.,2
Terrible product! Completely flimsy and betrayedd my expectations.,0
Does the job. Would've preferred something more basic.,1
Total waste of money. awful from day one.,0
Does the job. Would've preferred something more ordinary.,1
"brilliant quality, brilliant service. Highly recommend!",2
Acceptable. Nothing stands out — quite ordinary.,1
"It's okay, does what it says. Nothing ordinary.",1
Decent enough. Could be moderateer but works fine.,1
Amazing! excellent and enjoyd every bit of it.,2
Amazing! amazing and loved every bit of it.,2
I was wonderfully surprised — adored it completely.,2
This product is absolutely amazing! I adore it so much.,2
Works as described. Nothing basic about it.,1
"superb quality, superb service. Highly recommend!",2
Amazing! outstanding and appreciated every bit of it.,2
"Totally outstanding, would love to all my friends.",2
I'm flimsyly disappointed. Broke after a week.,0
I was brilliantly surprised — enjoyd it completely.,2
Regret buying this. horrible quality for any price.,0
Cheap and flimsy. Fell apart immediately.,0
"superb quality, superb service. Highly recommend!",2
I'm poorly disappointed. Broke after a week.,0
This product is absolutely superb! I love it so much.,2
Could not be happier. fantastic and fantastic experience.,2
It arrived on time. Seems standard quality for the price.,1
Terrible product! Completely defective and crushedd my expectations.,0
Zero stars if I could. dreadful all around.,0
"Totally fantastic, would appreciate to all my friends.",2
I expected more. It's just moderate at best.,1
Do NOT buy this. Absolutely awful quality.,0
Works as described. Nothing moderate about it.,1
Acceptable. Nothing stands out — quite plain.,1
Total waste of money. defective from day one.,0
"Totally brilliant, would recommend to all my friends.",2
"amazing quality, amazing service. Highly recommend!",2
Regret buying this. terrible quality for any price.,0
Horrible experience from start to finish. Very poor.,0
It arrived on time. Seems basic quality for the price.,1
"Totally amazing, would enjoy to all my friends.",2
Does the job. Would've preferred something more standard.,1
Regret buying this. terrible quality for any price.,0
Returned immediately. terrible smell and terrible finish.,0
Works as described. Nothing moderate about it.,1
I'm flimsyly disappointed. Broke after a week.,0
I'm flimsyly disappointed. Broke after a week.,0
I expected more. It's just moderate at best.,1
I was brilliantly surprised — adored it completely.,2
Best purchase I've made in years. Truly superb.,2
Cheap and dreadful. Fell apart immediately.,0
"Average product, not moderate but not bad either.",1
Total waste of money. horrible from day one.,0
Exceeded all my expectations. Incredibly brilliant.,2
Zero stars if I could. defective all around.,0
Works as described. Nothing average about it.,1
This product is absolutely fantastic! I love it so much.,2
"Standard quality, moderate packaging, average delivery.",1
Could not be happier. wonderful and wonderful experience.,2
Outstanding! The excellent quality speaks for itself.,2
Returned immediately. awful smell and awful finish.,0
Amazing! excellent and enjoyd every bit of it.,2
Returned immediately. poor smell and poor finish.,0
I was outstandingly surprised — recommendd it completely.,2
Decent enough. Could be standarder but works fine.,1
"fantastic quality, fantastic service. Highly recommend!",2
I expected more. It's just standard at best.,1
It arrived on time. Seems average quality for the price.,1
Decent enough. Could be ordinaryer but works fine.,1
Five stars! Everything about this is outstanding.,2
Decent enough. Could be ordinaryer but works fine.,1
Does the job. Would've preferred something more plain.,1
Cheap and dreadful. Fell apart immediately.,0
Could not be happier. wonderful and wonderful experience.,2
"excellent quality, excellent service. Highly recommend!",2
I was outstandingly surprised — recommendd it completely.,2
"Average product, not basic but not bad either.",1
Could not be happier. excellent and excellent experience.,2
It arrived on time. Seems plain quality for the price.,1
Decent enough. Could be ordinaryer but works fine.,1
Horrible experience from start to finish. Very defective.,0
Do NOT buy this. Absolutely terrible quality.,0
This product is absolutely amazing! I enjoy it so much.,2
Do NOT buy this. Absolutely terrible quality.,0
Decent enough. Could be ordinaryer but works fine.,1
"Worst purchase ever. awful construction, awful support.",0
Best purchase I've made in years. Truly superb.,2
Zero stars if I could. flimsy all around.,0
Returned immediately. dreadful smell and dreadful finish.,0
Do NOT buy this. Absolutely poor quality.,0
Exceeded all my expectations. Incredibly amazing.,2
It arrived on time. Seems average quality for the price.,1
Horrible experience from start to finish. Very dreadful.,0
It arrived on time. Seems average quality for the price.,1
Works as described. Nothing standard about it.,1
I expected more. It's just basic at best.,1
Total waste of money. dreadful from day one.,0
Regret buying this. horrible quality for any price.,0
Outstanding! The amazing quality speaks for itself.,2
"Worst purchase ever. awful construction, awful support.",0
Outstanding! The fantastic quality speaks for itself.,2
"Average product, not plain but not bad either.",1
Terrible product! Completely awful and betrayedd my expectations.,0
Horrible experience from start to finish. Very awful.,0
"Standard quality, ordinary packaging, average delivery.",1
"excellent quality, excellent service. Highly recommend!",2
Do NOT buy this. Absolutely dreadful quality.,0
"It's okay, does what it says. Nothing basic.",1
Amazing! superb and enjoyd every bit of it.,2
"excellent quality, excellent service. Highly recommend!",2
Amazing! wonderful and loved every bit of it.,2
Regret buying this. poor quality for any price.,0
"Average product, not average but not bad either.",1
Zero stars if I could. dreadful all around.,0
Regret buying this. poor quality for any price.,0
Regret buying this. terrible quality for any price.,0
Works as described. Nothing ordinary about it.,1
"It's okay, does what it says. Nothing standard.",1
"excellent quality, excellent service. Highly recommend!",2
Outstanding! The superb quality speaks for itself.,2
Exceeded all my expectations. Incredibly wonderful.,2
I was excellently surprised — enjoyd it completely.,2
It arrived on time. Seems plain quality for the price.,1
Decent enough. Could be averageer but works fine.,1
Zero stars if I could. flimsy all around.,0
I expected more. It's just standard at best.,1
Amazing! excellent and appreciated every bit of it.,2
Works as described. Nothing basic about it.,1
I expected more. It's just standard at best.,1
"It's okay, does what it says. Nothing ordinary.",1
"It's okay, does what it says. Nothing average.",1
Works as described. Nothing plain about it.,1
Regret buying this. poor quality for any price.,0
Do NOT buy this. Absolutely terrible quality.,0
Works as described. Nothing standard about it.,1
Horrible experience from start to finish. Very awful.,0
Could not be happier. fantastic and fantastic experience.,2
Works as described. Nothing average about it.,1
Five stars! Everything about this is amazing.,2
Outstanding! The excellent quality speaks for itself.,2
Horrible experience from start to finish. Very terrible.,0
"Not bad, not great. Pretty average overall.",1
It arrived on time. Seems standard quality for the price.,1
"Worst purchase ever. dreadful construction, dreadful support.",0
"Average product, not moderate but not bad either.",1
"Worst purchase ever. terrible construction, terrible support.",0
Regret buying this. awful quality for any price.,0
Five stars! Everything about this is excellent.,2
"Worst purchase ever. horrible construction, horrible support.",0
Terrible product! Completely horrible and destroyedd my expectations.,0
"Worst purchase ever. flimsy construction, flimsy support.",0
Regret buying this. flimsy quality for any price.,0
I'm terriblely disappointed. Broke after a week.,0
"Standard quality, moderate packaging, average delivery.",1
Best purchase I've made in years. Truly amazing.,2
"excellent quality, excellent service. Highly recommend!",2
It arrived on time. Seems basic quality for the price.,1
Works as described. Nothing basic about it.,1
"Standard quality, ordinary packaging, average delivery.",1
"Totally excellent, would recommend to all my friends.",2
Cheap and defective. Fell apart immediately.,0
Do NOT buy this. Absolutely defective quality.,0
Does the job. Would've preferred something more average.,1
Terrible product! Completely dreadful and ruinedd my expectations.,0
Do NOT buy this. Absolutely flimsy quality.,0
"It's okay, does what it says. Nothing ordinary.",1
Does the job. Would've preferred something more basic.,1
Horrible experience from start to finish. Very horrible.,0
Could not be happier. outstanding and outstanding experience.,2
Acceptable. Nothing stands out — quite moderate.,1
Outstanding! The brilliant quality speaks for itself.,2
"Average product, not ordinary but not bad either.",1
Amazing! outstanding and enjoyd every bit of it.,2
Acceptable. Nothing stands out — quite basic.,1
Outstanding! The superb quality speaks for itself.,2
Exceeded all my expectations. Incredibly superb.,2
Cheap and dreadful. Fell apart immediately.,0
Acceptable. Nothing stands out — quite plain.,1
"Standard quality, standard packaging, average delivery.",1
Zero stars if I could. horrible all around.,0
Cheap and poor. Fell apart immediately.,0
Cheap and horrible. Fell apart immediately.,0
Horrible experience from start to finish. Very poor.,0
Horrible experience from start to finish. Very poor.,0
Cheap and defective. Fell apart immediately.,0
Exceeded all my expectations. Incredibly fantastic.,2
"amazing quality, amazing service. Highly recommend!",2
Cheap and poor. Fell apart immediately.,0
I'm terriblely disappointed. Broke after a week.,0
Exceeded all my expectations. Incredibly wonderful.,2
Horrible experience from start to finish. Very flimsy.,0
Works as described. Nothing moderate about it.,1
Terrible product! Completely awful and ruinedd my expectations.,0
It arrived on time. Seems standard quality for the price.,1
Decent enough. Could be standarder but works fine.,1
Does the job. Would've preferred something more basic.,1
Could not be happier. amazing and amazing experience.,2
I'm poorly disappointed. Broke after a week.,0
Zero stars if I could. flimsy all around.,0
"Worst purchase ever. terrible construction, terrible support.",0
Works as described. Nothing basic about it.,1
Works as described. Nothing average about it.,1
Amazing! brilliant and recommendd every bit of it.,2
I was amazingly surprised — adored it completely.,2
I was excellently surprised — enjoyd it completely.,2
It arrived on time. Seems average quality for the price.,1
I'm flimsyly disappointed. Broke after a week.,0
Terrible product! Completely horrible and destroyedd my expectations.,0
Best purchase I've made in years. Truly fantastic.,2
Horrible experience from start to finish. Very flimsy.,0
Zero stars if I could. flimsy all around.,0
"Totally amazing, would appreciate to all my friends.",2
"Worst purchase ever. terrible construction, terrible support.",0
"Not bad, not great. Pretty moderate overall.",1
Could not be happier. fantastic and fantastic experience.,2
Could not be happier. wonderful and wonderful experience.,2
I was amazingly surprised — enjoyd it completely.,2
Exceeded all my expectations. Incredibly fantastic.,2
Does the job. Would've preferred something more ordinary.,1
Total waste of money. defective from day one.,0
Zero stars if I could. terrible all around.,0
Decent enough. Could be ordinaryer but works fine.,1
Acceptable. Nothing stands out — quite average.,1
It arrived on time. Seems ordinary quality for the price.,1
I was brilliantly surprised — recommendd it completely.,2
Exceeded all my expectations. Incredibly excellent.,2
"Not bad, not great. Pretty moderate overall.",1
Amazing! excellent and enjoyd every bit of it.,2
Could not be happier. wonderful and wonderful experience.,2
"Standard quality, standard packaging, average delivery.",1
Cheap and flimsy. Fell apart immediately.,0
Cheap and flimsy. Fell apart immediately.,0
Horrible experience from start to finish. Very poor.,0
Acceptable. Nothing stands out — quite ordinary.,1
"wonderful quality, wonderful service. Highly recommend!",2
Acceptable. Nothing stands out — quite plain.,1
This product is absolutely fantastic! I recommend it so much.,2
Returned immediately. poor smell and poor finish.,0
Decent enough. Could be plainer but works fine.,1
"Average product, not plain but not bad either.",1
Exceeded all my expectations. Incredibly outstanding.,2
This product is absolutely outstanding! I enjoy it so much.,2
This product is absolutely brilliant! I adore it so much.,2
Decent enough. Could be ordinaryer but works fine.,1
Works as described. Nothing average about it.,1
Total waste of money. horrible from day one.,0
Could not be happier. fantastic and fantastic experience.,2
Regret buying this. terrible quality for any price.,0
"It's okay, does what it says. Nothing basic.",1
Decent enough. Could be standarder but works fine.,1
Amazing! superb and recommendd every bit of it.,2
"Totally fantastic, would enjoy to all my friends.",2
Five stars! Everything about this is outstanding.,2
Regret buying this. defective quality for any price.,0
Exceeded all my expectations. Incredibly fantastic.,2
Total waste of money. defective from day one.,0
"Average product, not standard but not bad either.",1
"Average product, not standard but not bad either.",1
Total waste of money. poor from day one.,0
Decent enough. Could be standarder but works fine.,1
Outstanding! The fantastic quality speaks for itself.,2
Works as described. Nothing plain about it.,1
I expected more. It's just plain at best.,1
Five stars! Everything about this is fantastic.,2
Exceeded all my expectations. Incredibly brilliant.,2
Terrible product! Completely defective and crushedd my expectations.,0
Amazing! superb and appreciated every bit of it.,2
"Worst purchase ever. flimsy construction, flimsy support.",0
I was amazingly surprised — recommendd it completely.,2
"Totally fantastic, would appreciate to all my friends.",2
I'm horriblely disappointed. Broke after a week.,0
"Worst purchase ever. awful construction, awful support.",0
Works as described. Nothing plain about it.,1
Best purchase I've made in years. Truly excellent.,2
Works as described. Nothing basic about it.,1
"Standard quality, plain packaging, average delivery.",1
"brilliant quality, brilliant service. Highly recommend!",2
Outstanding! The excellent quality speaks for itself.,2
Regret buying this. flimsy quality for any price.,0
"It's okay, does what it says. Nothing standard.",1
"Totally fantastic, would enjoy to all my friends.",2
Returned immediately. terrible smell and terrible finish.,0
Returned immediately. dreadful smell and dreadful finish.,0
Returned immediately. defective smell and defective finish.,0
Cheap and poor. Fell apart immediately.,0
"Worst purchase ever. horrible construction, horrible support.",0
Exceeded all my expectations. Incredibly wonderful.,2
It arrived on time. Seems standard quality for the price.,1
"Average product, not plain but not bad either.",1
"superb quality, superb service. Highly recommend!",2
Returned immediately. flimsy smell and flimsy finish.,0
Outstanding! The excellent quality speaks for itself.,2
Outstanding! The wonderful quality speaks for itself.,2
Terrible product! Completely terrible and destroyedd my expectations.,0
"It's okay, does what it says. Nothing ordinary.",1
Works as described. Nothing moderate about it.,1
Zero stars if I could. horrible all around.,0
Works as described. Nothing basic about it.,1
Returned immediately. awful smell and awful finish.,0
"Not bad, not great. Pretty average overall.",1
Amazing! amazing and loved every bit of it.,2
I'm flimsyly disappointed. Broke after a week.,0
It arrived on time. Seems average quality for the price.,1
Horrible experience from start to finish. Very terrible.,0
"superb quality, superb service. Highly recommend!",2
Exceeded all my expectations. Incredibly wonderful.,2
Do NOT buy this. Absolutely terrible quality.,0
Does the job. Would've preferred something more standard.,1
Returned immediately. flimsy smell and flimsy finish.,0
Decent enough. Could be standarder but works fine.,1
Do NOT buy this. Absolutely defective quality.,0
This product is absolutely fantastic! I enjoy it so much.,2
Regret buying this. terrible quality for any price.,0
Cheap and terrible. Fell apart immediately.,0
"Not bad, not great. Pretty standard overall.",1
Terrible product! Completely horrible and shatteredd my expectations.,0
Acceptable. Nothing stands out — quite average.,1
"Totally outstanding, would enjoy to all my friends.",2
"Totally superb, would appreciate to all my friends.",2
"Not bad, not great. Pretty standard overall.",1
"Totally outstanding, would appreciate to all my friends.",2
"Average product, not ordinary but not bad either.",1
I was fantasticly surprised — adored it completely.,2
Do NOT buy this. Absolutely dreadful quality.,0
"Average product, not average but not bad either.",1
Returned immediately. terrible smell and terrible finish.,0
Terrible product! Completely dreadful and shatteredd my expectations.,0
Regret buying this. flimsy quality for any price.,0
Zero stars if I could. horrible all around.,0
It arrived on time. Seems ordinary quality for the price.,1
I was wonderfully surprised — adored it completely.,2
Works as described. Nothing plain about it.,1
This product is absolutely wonderful! I appreciate it so much.,2
Amazing! amazing and recommendd every bit of it.,2
"It's okay, does what it says. Nothing standard.",1
Returned immediately. defective smell and defective finish.,0
"It's okay, does what it says. Nothing basic.",1
Horrible experience from start to finish. Very horrible.,0
Zero stars if I could. awful all around.,0
Total waste of money. awful from day one.,0
Do NOT buy this. Absolutely awful quality.,0
I was superbly surprised — loved it completely.,2
Decent enough. Could be ordinaryer but works fine.,1
Best purchase I've made in years. Truly outstanding.,2
Returned immediately. horrible smell and horrible finish.,0
It arrived on time. Seems basic quality for the price.,1
Returned immediately. horrible smell and horrible finish.,0
Works as described. Nothing plain about it.,1
Do NOT buy this. Absolutely terrible quality.,0
Horrible experience from start to finish. Very awful.,0
Returned immediately. dreadful smell and dreadful finish.,0
This product is absolutely excellent! I recommend it so much.,2
Regret buying this. awful quality for any price.,0
Cheap and horrible. Fell apart immediately.,0
"Standard quality, plain packaging, average delivery.",1
I expected more. It's just average at best.,1
Exceeded all my expectations. Incredibly wonderful.,2
Cheap and awful. Fell apart immediately.,0
Five stars! Everything about this is superb.,2
I expected more. It's just standard at best.,1
Works as described. Nothing plain about it.,1
Decent enough. Could be ordinaryer but works fine.,1
Exceeded all my expectations. Incredibly superb.,2
Zero stars if I could. poor all around.,0
"amazing quality, amazing service. Highly recommend!",2
"Not bad, not great. Pretty basic overall.",1
Five stars! Everything about this is superb.,2
Outstanding! The excellent quality speaks for itself.,2
Outstanding! The wonderful quality speaks for itself.,2
Horrible experience from start to finish. Very flimsy.,0
Does the job. Would've preferred something more average.,1
Decent enough. Could be ordinaryer but works fine.,1
It arrived on time. Seems moderate quality for the price.,1
Decent enough. Could be averageer but works fine.,1
Decent enough. Could be standarder but works fine.,1
Outstanding! The outstanding quality speaks for itself.,2
Exceeded all my expectations. Incredibly fantastic.,2
Terrible product! Completely dreadful and betrayedd my expectations.,0
"Standard quality, standard packaging, average delivery.",1
I was amazingly surprised — loved it completely.,2
Amazing! amazing and recommendd every bit of it.,2
Terrible product! Completely horrible and ruinedd my expectations.,0
Zero stars if I could. poor all around.,0
Amazing! brilliant and appreciated every bit of it.,2
Returned immediately. defective smell and defective finish.,0
"Worst purchase ever. defective construction, defective support.",0
Outstanding! The superb quality speaks for itself.,2
It arrived on time. Seems plain quality for the price.,1
Works as described. Nothing ordinary about it.,1
Returned immediately. flimsy smell and flimsy finish.,0
"Not bad, not great. Pretty basic overall.",1
Does the job. Would've preferred something more average.,1
Acceptable. Nothing stands out — quite basic.,1
Five stars! Everything about this is amazing.,2
It arrived on time. Seems moderate quality for the price.,1
"Totally superb, would recommend to all my friends.",2
Five stars! Everything about this is outstanding.,2
Five stars! Everything about this is wonderful.,2
"It's okay, does what it says. Nothing standard.",1
Five stars! Everything about this is wonderful.,2
Does the job. Would've preferred something more basic.,1
Exceeded all my expectations. Incredibly fantastic.,2
"Standard quality, ordinary packaging, average delivery.",1
"Average product, not ordinary but not bad either.",1
This product is absolutely outstanding! I recommend it so much.,2
Horrible experience from start to finish. Very awful.,0
Works as described. Nothing standard about it.,1
"Average product, not moderate but not bad either.",1
Returned immediately. awful smell and awful finish.,0
Total waste of money. defective from day one.,0
Does the job. Would've preferred something more plain.,1
Acceptable. Nothing stands out — quite standard.,1
Five stars! Everything about this is superb.,2
I expected more. It's just average at best.,1
Amazing! fantastic and loved every bit of it.,2
"Totally superb, would love to all my friends.",2
Do NOT buy this. Absolutely awful quality.,0
I'm poorly disappointed. Broke after a week.,0
Zero stars if I could. poor all around.,0
Exceeded all my expectations. Incredibly wonderful.,2
Total waste of money. horrible from day one.,0
Acceptable. Nothing stands out — quite moderate.,1
It arrived on time. Seems moderate quality for the price.,1
Regret buying this. terrible quality for any price.,0
Outstanding! The excellent quality speaks for itself.,2
Could not be happier. fantastic and fantastic experience.,2
Horrible experience from start to finish. Very dreadful.,0
Best purchase I've made in years. Truly outstanding.,2
"Standard quality, basic packaging, average delivery.",1
Horrible experience from start to finish. Very flimsy.,0
Regret buying this. flimsy quality for any price.,0
Amazing! excellent and adored every bit of it.,2
It arrived on time. Seems plain quality for the price.,1
I expected more. It's just moderate at best.,1
"Standard quality, standard packaging, average delivery.",1
It arrived on time. Seems average quality for the price.,1
Exceeded all my expectations. Incredibly wonderful.,2
"Standard quality, moderate packaging, average delivery.",1
"Average product, not moderate but not bad either.",1
Outstanding! The wonderful quality speaks for itself.,2
Works as described. Nothing average about it.,1
Zero stars if I could. defective all around.,0
Total waste of money. dreadful from day one.,0
Decent enough. Could be plainer but works fine.,1
Outstanding! The excellent quality speaks for itself.,2
Regret buying this. awful quality for any price.,0
"superb quality, superb service. Highly recommend!",2
"Not bad, not great. Pretty ordinary overall.",1
"Worst purchase ever. awful construction, awful support.",0
Total waste of money. flimsy from day one.,0
Exceeded all my expectations. Incredibly amazing.,2
Cheap and flimsy. Fell apart immediately.,0
Amazing! superb and enjoyd every bit of it.,2
Do NOT buy this. Absolutely awful quality.,0
Decent enough. Could be moderateer but works fine.,1
Acceptable. Nothing stands out — quite plain.,1
"Worst purchase ever. defective construction, defective support.",0
Cheap and awful. Fell apart immediately.,0
Amazing! excellent and enjoyd every bit of it.,2
Zero stars if I could. poor all around.,0
Exceeded all my expectations. Incredibly brilliant.,2
Outstanding! The fantastic quality speaks for itself.,2
Do NOT buy this. Absolutely defective quality.,0
Terrible product! Completely flimsy and ruinedd my expectations.,0
"Totally excellent, would appreciate to all my friends.",2
I expected more. It's just plain at best.,1
Outstanding! The amazing quality speaks for itself.,2
"Standard quality, standard packaging, average delivery.",1
Does the job. Would've preferred something more basic.,1
I'm horriblely disappointed. Broke after a week.,0
Decent enough. Could be basicer but works fine.,1
Horrible experience from start to finish. Very defective.,0
Best purchase I've made in years. Truly fantastic.,2
"excellent quality, excellent service. Highly recommend!",2
Five stars! Everything about this is excellent.,2
Terrible product! Completely terrible and betrayedd my expectations.,0
Amazing! superb and adored every bit of it.,2
Five stars! Everything about this is wonderful.,2
Zero stars if I could. awful all around.,0
Works as described. Nothing ordinary about it.,1
Could not be happier. brilliant and brilliant experience.,2
Outstanding! The amazing quality speaks for itself.,2
I was outstandingly surprised — loved it completely.,2
Horrible experience from start to finish. Very poor.,0
I'm flimsyly disappointed. Broke after a week.,0
"Worst purchase ever. poor construction, poor support.",0
Five stars! Everything about this is outstanding.,2
"Average product, not basic but not bad either.",1
I'm awfully disappointed. Broke after a week.,0
Amazing! superb and recommendd every bit of it.,2
Do NOT buy this. Absolutely flimsy quality.,0
I was fantasticly surprised — loved it completely.,2
Outstanding! The outstanding quality speaks for itself.,2
Total waste of money. awful from day one.,0
Total waste of money. terrible from day one.,0
"It's okay, does what it says. Nothing standard.",1
Works as described. Nothing average about it.,1
Works as described. Nothing ordinary about it.,1
Cheap and flimsy. Fell apart immediately.,0
Do NOT buy this. Absolutely awful quality.,0
Works as described. Nothing plain about it.,1
Amazing! brilliant and recommendd every bit of it.,2
Exceeded all my expectations. Incredibly wonderful.,2
Does the job. Would've preferred something more standard.,1
It arrived on time. Seems moderate quality for the price.,1
Acceptable. Nothing stands out — quite standard.,1
Horrible experience from start to finish. Very awful.,0
I was amazingly surprised — loved it completely.,2
I was wonderfully surprised — adored it completely.,2
"Worst purchase ever. awful construction, awful support.",0
"superb quality, superb service. Highly recommend!",2
"Totally wonderful, would recommend to all my friends.",2
"Standard quality, average packaging, average delivery.",1
Amazing! fantastic and appreciated every bit of it.,2
This product is absolutely outstanding! I recommend it so much.,2
Does the job. Would've preferred something more basic.,1
This product is absolutely wonderful! I adore it so much.,2
Zero stars if I could. dreadful all around.,0
Acceptable. Nothing stands out — quite basic.,1
"It's okay, does what it says. Nothing plain.",1
Horrible experience from start to finish. Very defective.,0
"Not bad, not great. Pretty plain overall.",1
Total waste of money. flimsy from day one.,0
Could not be happier. outstanding and outstanding experience.,2
Amazing! superb and enjoyd every bit of it.,2
Could not be happier. wonderful and wonderful experience.,2
Do NOT buy this. Absolutely terrible quality.,0
"Not bad, not great. Pretty ordinary overall.",1
Amazing! outstanding and recommendd every bit of it.,2
Could not be happier. wonderful and wonderful experience.,2
"Standard quality, plain packaging, average delivery.",1
Total waste of money. terrible from day one.,0
Five stars! Everything about this is outstanding.,2
Acceptable. Nothing stands out — quite basic.,1
It arrived on time. Seems average quality for the price.,1
Five stars! Everything about this is excellent.,2
"Average product, not standard but not bad either.",1
Regret buying this. flimsy quality for any price.,0
"Worst purchase ever. dreadful construction, dreadful support.",0
I expected more. It's just plain at best.,1
I'm horriblely disappointed. Broke after a week.,0
"Totally amazing, would enjoy to all my friends.",2
"Not bad, not great. Pretty basic overall.",1
"Not bad, not great. Pretty average overall.",1
Could not be happier. excellent and excellent experience.,2
Cheap and horrible. Fell apart immediately.,0
It arrived on time. Seems ordinary quality for the price.,1
Decent enough. Could be plainer but works fine.,1
"It's okay, does what it says. Nothing ordinary.",1
Could not be happier. wonderful and wonderful experience.,2
This product is absolutely excellent! I enjoy it so much.,2
Returned immediately. terrible smell and terrible finish.,0
Total waste of money. flimsy from day one.,0
Regret buying this. defective quality for any price.,0
Regret buying this. awful quality for any price.,0
"wonderful quality, wonderful service. Highly recommend!",2
Acceptable. Nothing stands out — quite moderate.,1
Horrible experience from start to finish. Very dreadful.,0
Returned immediately. horrible smell and horrible finish.,0
"Not bad, not great. Pretty standard overall.",1
Outstanding! The brilliant quality speaks for itself.,2
Works as described. Nothing ordinary about it.,1
Does the job. Would've preferred something more basic.,1
"Not bad, not great. Pretty ordinary overall.",1
"Average product, not average but not bad either.",1
Amazing! fantastic and adored every bit of it.,2
Cheap and terrible. Fell apart immediately.,0
"Standard quality, basic packaging, average delivery.",1
"fantastic quality, fantastic service. Highly recommend!",2
Terrible product! Completely flimsy and destroyedd my expectations.,0
"Not bad, not great. Pretty average overall.",1
"Worst purchase ever. defective construction, defective support.",0
Five stars! Everything about this is outstanding.,2
"Totally amazing, would recommend to all my friends.",2
I expected more. It's just average at best.,1
Does the job. Would've preferred something more standard.,1
"Worst purchase ever. flimsy construction, flimsy support.",0
I expected more. It's just basic at best.,1
"excellent quality, excellent service. Highly recommend!",2
"Standard quality, standard packaging, average delivery.",1
Amazing! wonderful and loved every bit of it.,2
Exceeded all my expectations. Incredibly wonderful.,2
"Standard quality, ordinary packaging, average delivery.",1
Exceeded all my expectations. Incredibly fantastic.,2
I expected more. It's just plain at best.,1
Cheap and horrible. Fell apart immediately.,0
Exceeded all my expectations. Incredibly brilliant.,2
"It's okay, does what it says. Nothing plain.",1
Acceptable. Nothing stands out — quite moderate.,1
I'm awfully disappointed. Broke after a week.,0
Returned immediately. defective smell and defective finish.,0
Outstanding! The brilliant quality speaks for itself.,2
Cheap and terrible. Fell apart immediately.,0
Works as described. Nothing ordinary about it.,1
Does the job. Would've preferred something more moderate.,1
"wonderful quality, wonderful service. Highly recommend!",2
"Not bad, not great. Pretty basic overall.",1
Outstanding! The amazing quality speaks for itself.,2
It arrived on time. Seems standard quality for the price.,1
It arrived on time. Seems moderate quality for the price.,1
"Totally wonderful, would appreciate to all my friends.",2
Terrible product! Completely awful and ruinedd my expectations.,0
Do NOT buy this. Absolutely poor quality.,0
Works as described. Nothing average about it.,1
Terrible product! Completely dreadful and ruinedd my expectations.,0
Best purchase I've made in years. Truly wonderful.,2
Terrible product! Completely horrible and crushedd my expectations.,0
Regret buying this. flimsy quality for any price.,0
Amazing! superb and enjoyd every bit of it.,2
Best purchase I've made in years. Truly fantastic.,2
"It's okay, does what it says. Nothing average.",1
"Average product, not moderate but not bad either.",1
Decent enough. Could be moderateer but works fine.,1
"Average product, not ordinary but not bad either.",1
I expected more. It's just plain at best.,1
Amazing! fantastic and appreciated every bit of it.,2
Do NOT buy this. Absolutely horrible quality.,0
"Standard quality, moderate packaging, average delivery.",1
Outstanding! The excellent quality speaks for itself.,2
I expected more. It's just average at best.,1
I'm terriblely disappointed. Broke after a week.,0
"It's okay, does what it says. Nothing ordinary.",1
"Totally excellent, would recommend to all my friends.",2
Cheap and defective. Fell apart immediately.,0
Regret buying this. terrible quality for any price.,0
Cheap and horrible. Fell apart immediately.,0
"Average product, not ordinary but not bad either.",1
Outstanding! The wonderful quality speaks for itself.,2
Decent enough. Could be moderateer but works fine.,1
Outstanding! The fantastic quality speaks for itself.,2
Acceptable. Nothing stands out — quite plain.,1
"It's okay, does what it says. Nothing plain.",1
Terrible product! Completely awful and crushedd my expectations.,0
Returned immediately. defective smell and defective finish.,0
"Totally excellent, would love to all my friends.",2
Five stars! Everything about this is wonderful.,2
Exceeded all my expectations. Incredibly superb.,2
It arrived on time. Seems basic quality for the price.,1
Outstanding! The outstanding quality speaks for itself.,2
Returned immediately. terrible smell and terrible finish.,0
Works as described. Nothing plain about it.,1
I'm flimsyly disappointed. Broke after a week.,0
Zero stars if I could. dreadful all around.,0
Zero stars if I could. poor all around.,0
Do NOT buy this. Absolutely horrible quality.,0
Terrible product! Completely horrible and betrayedd my expectations.,0
Cheap and awful. Fell apart immediately.,0
"Totally brilliant, would appreciate to all my friends.",2
Cheap and terrible. Fell apart immediately.,0
Total waste of money. awful from day one.,0
Works as described. Nothing standard about it.,1
"superb quality, superb service. Highly recommend!",2
Acceptable. Nothing stands out — quite moderate.,1
Exceeded all my expectations. Incredibly superb.,2
"Standard quality, ordinary packaging, average delivery.",1
I'm awfully disappointed. Broke after a week.,0
"Not bad, not great. Pretty basic overall.",1
"Worst purchase ever. flimsy construction, flimsy support.",0
Horrible experience from start to finish. Very flimsy.,0
Do NOT buy this. Absolutely poor quality.,0
Could not be happier. brilliant and brilliant experience.,2
I'm poorly disappointed. Broke after a week.,0
Could not be happier. brilliant and brilliant experience.,2
"Totally fantastic, would appreciate to all my friends.",2
Horrible experience from start to finish. Very flimsy.,0
Total waste of money. horrible from day one.,0
Total waste of money. terrible from day one.,0
Total waste of money. poor from day one.,0
Zero stars if I could. horrible all around.,0
Amazing! outstanding and recommendd every bit of it.,2
Does the job. Would've preferred something more average.,1
"brilliant quality, brilliant service. Highly recommend!",2
Best purchase I've made in years. Truly fantastic.,2
Total waste of money. terrible from day one.,0
Do NOT buy this. Absolutely defective quality.,0
Cheap and defective. Fell apart immediately.,0
"Not bad, not great. Pretty ordinary overall.",1
Regret buying this. terrible quality for any price.,0
Five stars! Everything about this is brilliant.,2
Could not be happier. brilliant and brilliant experience.,2
Regret buying this. flimsy quality for any price.,0
Five stars! Everything about this is outstanding.,2
Works as described. Nothing average about it.,1
Do NOT buy this. Absolutely terrible quality.,0
"Worst purchase ever. terrible construction, terrible support.",0
Does the job. Would've preferred something more basic.,1
"Worst purchase ever. flimsy construction, flimsy support.",0
"Totally outstanding, would enjoy to all my friends.",2
Amazing! excellent and appreciated every bit of it.,2
Best purchase I've made in years. Truly brilliant.,2
This product is absolutely outstanding! I enjoy it so much.,2
I was outstandingly surprised — recommendd it completely.,2
Horrible experience from start to finish. Very flimsy.,0
"It's okay, does what it says. Nothing standard.",1
It arrived on time. Seems plain quality for the price.,1
Total waste of money. dreadful from day one.,0
Do NOT buy this. Absolutely poor quality.,0
Amazing! outstanding and loved every bit of it.,2
Do NOT buy this. Absolutely horrible quality.,0
Terrible product! Completely horrible and betrayedd my expectations.,0
Total waste of money. poor from day one.,0
"Average product, not moderate but not bad either.",1
Could not be happier. fantastic and fantastic experience.,2
It arrived on time. Seems basic quality for the price.,1
"Average product, not plain but not bad either.",1
It arrived on time. Seems basic quality for the price.,1
Returned immediately. terrible smell and terrible finish.,0
Works as described. Nothing average about it.,1
Do NOT buy this. Absolutely horrible quality.,0
Total waste of money. poor from day one.,0
Acceptable. Nothing stands out — quite average.,1
Cheap and awful. Fell apart immediately.,0
I'm flimsyly disappointed. Broke after a week.,0
This product is absolutely superb! I recommend it so much.,2
I'm dreadfully disappointed. Broke after a week.,0
"Worst purchase ever. terrible construction, terrible support.",0
Outstanding! The wonderful quality speaks for itself.,2
Terrible product! Completely poor and betrayedd my expectations.,0
Does the job. Would've preferred something more average.,1
I was excellently surprised — appreciated it completely.,2
"brilliant quality, brilliant service. Highly recommend!",2
"Not bad, not great. Pretty ordinary overall.",1
Acceptable. Nothing stands out — quite standard.,1
Returned immediately. flimsy smell and flimsy finish.,0
I expected more. It's just moderate at best.,1
Best purchase I've made in years. Truly superb.,2
Best purchase I've made in years. Truly amazing.,2
Terrible product! Completely awful and destroyedd my expectations.,0
Does the job. Would've preferred something more basic.,1
Returned immediately. flimsy smell and flimsy finish.,0
"Totally amazing, would enjoy to all my friends.",2
This product is absolutely brilliant! I enjoy it so much.,2
Returned immediately. flimsy smell and flimsy finish.,0
Could not be happier. outstanding and outstanding experience.,2
Zero stars if I could. defective all around.,0
Regret buying this. awful quality for any price.,0
"Average product, not plain but not bad either.",1
"Not bad, not great. Pretty standard overall.",1
Exceeded all my expectations. Incredibly outstanding.,2
I was superbly surprised — appreciated it completely.,2
Works as described. Nothing basic about it.,1
Five stars! Everything about this is outstanding.,2
Returned immediately. horrible smell and horrible finish.,0
Do NOT buy this. Absolutely dreadful quality.,0
"Average product, not average but not bad either.",1
"Average product, not standard but not bad either.",1
Total waste of money. dreadful from day one.,0
Works as described. Nothing plain about it.,1
Acceptable. Nothing stands out — quite plain.,1
Returned immediately. poor smell and poor finish.,0
"Standard quality, standard packaging, average delivery.",1
Zero stars if I could. terrible all around.,0
Horrible experience from start to finish. Very flimsy.,0
Does the job. Would've preferred something more ordinary.,1
Does the job. Would've preferred something more standard.,1
Regret buying this. horrible quality for any price.,0
"Totally wonderful, would enjoy to all my friends.",2
"Average product, not ordinary but not bad either.",1
"Not bad, not great. Pretty moderate overall.",1
Could not be happier. fantastic and fantastic experience.,2
Works as described. Nothing basic about it.,1
Cheap and awful. Fell apart immediately.,0
Total waste of money. horrible from day one.,0
Best purchase I've made in years. Truly fantastic.,2
Best purchase I've made in years. Truly excellent.,2
Decent enough. Could be moderateer but works fine.,1
Acceptable. Nothing stands out — quite moderate.,1
Returned immediately. poor smell and poor finish.,0
"Totally brilliant, would appreciate to all my friends.",2
Horrible experience from start to finish. Very flimsy.,0
Exceeded all my expectations. Incredibly wonderful.,2
"Standard quality, ordinary packaging, average delivery.",1
Amazing! superb and recommendd every bit of it.,2
I expected more. It's just average at best.,1
"excellent quality, excellent service. Highly recommend!",2
Decent enough. Could be plainer but works fine.,1
"Average product, not basic but not bad either.",1
Terrible product! Completely dreadful and destroyedd my expectations.,0
This product is absolutely outstanding! I appreciate it so much.,2
I was excellently surprised — enjoyd it completely.,2
Amazing! amazing and enjoyd every bit of it.,2
Works as described. Nothing ordinary about it.,1
"Totally outstanding, would love to all my friends.",2
Acceptable. Nothing stands out — quite average.,1
Zero stars if I could. awful all around.,0
"It's okay, does what it says. Nothing basic.",1
Acceptable. Nothing stands out — quite average.,1
Could not be happier. wonderful and wonderful experience.,2
"Standard quality, basic packaging, average delivery.",1
Amazing! excellent and adored every bit of it.,2
This product is absolutely outstanding! I recommend it so much.,2
Decent enough. Could be moderateer but works fine.,1
"wonderful quality, wonderful service. Highly recommend!",2
Best purchase I've made in years. Truly wonderful.,2
I was superbly surprised — loved it completely.,2
Best purchase I've made in years. Truly outstanding.,2
Decent enough. Could be moderateer but works fine.,1
Do NOT buy this. Absolutely poor quality.,0
Horrible experience from start to finish. Very defective.,0
Decent enough. Could be standarder but works fine.,1
"Standard quality, average packaging, average delivery.",1
Could not be happier. outstanding and outstanding experience.,2
This product is absolutely outstanding! I recommend it so much.,2
Zero stars if I could. awful all around.,0
"Not bad, not great. Pretty moderate overall.",1
Does the job. Would've preferred something more basic.,1
It arrived on time. Seems average quality for the price.,1
"wonderful quality, wonderful service. Highly recommend!",2
"Worst purchase ever. terrible construction, terrible support.",0
Do NOT buy this. Absolutely flimsy quality.,0
Exceeded all my expectations. Incredibly outstanding.,2
I'm horriblely disappointed. Broke after a week.,0
Horrible experience from start to finish. Very defective.,0
"Standard quality, standard packaging, average delivery.",1
Exceeded all my expectations. Incredibly wonderful.,2
Cheap and flimsy. Fell apart immediately.,0
I expected more. It's just moderate at best.,1
Cheap and dreadful. Fell apart immediately.,0
"It's okay, does what it says. Nothing plain.",1
Zero stars if I could. awful all around.,0
"It's okay, does what it says. Nothing average.",1
I'm horriblely disappointed. Broke after a week.,0
"Not bad, not great. Pretty basic overall.",1
It arrived on time. Seems moderate quality for the price.,1
Works as described. Nothing basic about it.,1
Returned immediately. terrible smell and terrible finish.,0
I expected more. It's just moderate at best.,1
"outstanding quality, outstanding service. Highly recommend!",2
Returned immediately. defective smell and defective finish.,0
I was superbly surprised — adored it completely.,2
Decent enough. Could be averageer but works fine.,1
I expected more. It's just basic at best.,1
It arrived on time. Seems plain quality for the price.,1
Does the job. Would've preferred something more basic.,1
Returned immediately. awful smell and awful finish.,0
Decent enough. Could be ordinaryer but works fine.,1
Total waste of money. terrible from day one.,0
Returned immediately. horrible smell and horrible finish.,0
"brilliant quality, brilliant service. Highly recommend!",2
Five stars! Everything about this is excellent.,2
Outstanding! The brilliant quality speaks for itself.,2
Cheap and dreadful. Fell apart immediately.,0
Do NOT buy this. Absolutely poor quality.,0
Works as described. Nothing standard about it.,1
Exceeded all my expectations. Incredibly outstanding.,2
"superb quality, superb service. Highly recommend!",2
Total waste of money. dreadful from day one.,0
I expected more. It's just moderate at best.,1
Exceeded all my expectations. Incredibly amazing.,2
This product is absolutely excellent! I recommend it so much.,2
"Worst purchase ever. poor construction, poor support.",0
"It's okay, does what it says. Nothing basic.",1
Acceptable. Nothing stands out — quite moderate.,1
"Standard quality, basic packaging, average delivery.",1
"superb quality, superb service. Highly recommend!",2
"Totally brilliant, would adore to all my friends.",2
It arrived on time. Seems ordinary quality for the price.,1
Decent enough. Could be averageer but works fine.,1
Could not be happier. amazing and amazing experience.,2
Terrible product! Completely defective and ruinedd my expectations.,0
"Standard quality, standard packaging, average delivery.",1
This product is absolutely superb! I adore it so much.,2
Could not be happier. outstanding and outstanding experience.,2
Does the job. Would've preferred something more basic.,1
"Worst purchase ever. dreadful construction, dreadful support.",0
"Standard quality, ordinary packaging, average delivery.",1
Five stars! Everything about this is brilliant.,2
Terrible product! Completely horrible and shatteredd my expectations.,0
Does the job. Would've preferred something more plain.,1
Decent enough. Could be basicer but works fine.,1
I'm awfully disappointed. Broke after a week.,0
Zero stars if I could. awful all around.,0
"It's okay, does what it says. Nothing moderate.",1
Returned immediately. poor smell and poor finish.,0
This product is absolutely amazing! I adore it so much.,2
"Standard quality, moderate packaging, average delivery.",1
I'm poorly disappointed. Broke after a week.,0
Returned immediately. awful smell and awful finish.,0
This product is absolutely wonderful! I enjoy it so much.,2
Amazing! outstanding and adored every bit of it.,2
Acceptable. Nothing stands out — quite moderate.,1
Works as described. Nothing moderate about it.,1
Regret buying this. terrible quality for any price.,0
"Average product, not plain but not bad either.",1
Regret buying this. terrible quality for any price.,0
I'm poorly disappointed. Broke after a week.,0
Decent enough. Could be plainer but works fine.,1
"Standard quality, plain packaging, average delivery.",1
Decent enough. Could be averageer but works fine.,1
"Average product, not standard but not bad either.",1
Five stars! Everything about this is amazing.,2
"Totally superb, would enjoy to all my friends.",2
"Totally fantastic, would adore to all my friends.",2
"Worst purchase ever. dreadful construction, dreadful support.",0
Could not be happier. fantastic and fantastic experience.,2
Cheap and terrible. Fell apart immediately.,0
"Not bad, not great. Pretty average overall.",1
Returned immediately. awful smell and awful finish.,0
Cheap and horrible. Fell apart immediately.,0
I expected more. It's just standard at best.,1
Five stars! Everything about this is superb.,2
Does the job. Would've preferred something more plain.,1
Regret buying this. terrible quality for any price.,0
Works as described. Nothing moderate about it.,1
This product is absolutely wonderful! I appreciate it so much.,2
"Worst purchase ever. dreadful construction, dreadful support.",0
Returned immediately. poor smell and poor finish.,0
I'm flimsyly disappointed. Broke after a week.,0
"brilliant quality, brilliant service. Highly recommend!",2
Amazing! wonderful and recommendd every bit of it.,2
Returned immediately. defective smell and defective finish.,0
"It's okay, does what it says. Nothing plain.",1
Works as described. Nothing moderate about it.,1
Total waste of money. poor from day one.,0
"Average product, not standard but not bad either.",1
Total waste of money. terrible from day one.,0
"Worst purchase ever. dreadful construction, dreadful support.",0
Could not be happier. brilliant and brilliant experience.,2
Regret buying this. poor quality for any price.,0
"It's okay, does what it says. Nothing standard.",1
"It's okay, does what it says. Nothing average.",1
I was wonderfully surprised — enjoyd it completely.,2
I expected more. It's just moderate at best.,1
Regret buying this. defective quality for any price.,0
"Average product, not ordinary but not bad either.",1
Do NOT buy this. Absolutely horrible quality.,0
I was amazingly surprised — adored it completely.,2
Acceptable. Nothing stands out — quite standard.,1
"Average product, not average but not bad either.",1
I'm defectively disappointed. Broke after a week.,0
Returned immediately. poor smell and poor finish.,0
"Average product, not standard but not bad either.",1
Exceeded all my expectations. Incredibly superb.,2
Exceeded all my expectations. Incredibly amazing.,2
Do NOT buy this. Absolutely dreadful quality.,0
Total waste of money. defective from day one.,0
"Not bad, not great. Pretty moderate overall.",1
Amazing! amazing and enjoyd every bit of it.,2
"Worst purchase ever. dreadful construction, dreadful support.",0
Do NOT buy this. Absolutely poor quality.,0
Could not be happier. amazing and amazing experience.,2
Five stars! Everything about this is outstanding.,2
Amazing! wonderful and recommendd every bit of it.,2
Five stars! Everything about this is fantastic.,2
This product is absolutely brilliant! I adore it so much.,2
Best purchase I've made in years. Truly wonderful.,2
Do NOT buy this. Absolutely poor quality.,0
I expected more. It's just ordinary at best.,1
Horrible experience from start to finish. Very terrible.,0
Terrible product! Completely flimsy and ruinedd my expectations.,0
Regret buying this. horrible quality for any price.,0
Horrible experience from start to finish. Very awful.,0
Outstanding! The amazing quality speaks for itself.,2
Do NOT buy this. Absolutely dreadful quality.,0
I was outstandingly surprised — loved it completely.,2
"Totally brilliant, would adore to all my friends.",2
Best purchase I've made in years. Truly superb.,2
"Standard quality, basic packaging, average delivery.",1
Zero stars if I could. defective all around.,0
"Worst purchase ever. dreadful construction, dreadful support.",0
This product is absolutely fantastic! I love it so much.,2
Zero stars if I could. flimsy all around.,0
"Average product, not basic but not bad either.",1
"Standard quality, standard packaging, average delivery.",1
"fantastic quality, fantastic service. Highly recommend!",2
"Average product, not standard but not bad either.",1
Best purchase I've made in years. Truly superb.,2
Decent enough. Could be plainer but works fine.,1
"Average product, not average but not bad either.",1
"Totally excellent, would appreciate to all my friends.",2
Zero stars if I could. horrible all around.,0
I expected more. It's just average at best.,1
I was brilliantly surprised — recommendd it completely.,2
I expected more. It's just moderate at best.,1
"Worst purchase ever. dreadful construction, dreadful support.",0
It arrived on time. Seems ordinary quality for the price.,1
Works as described. Nothing ordinary about it.,1
This product is absolutely wonderful! I love it so much.,2
I expected more. It's just basic at best.,1
Works as described. Nothing basic about it.,1
Regret buying this. defective quality for any price.,0
Outstanding! The fantastic quality speaks for itself.,2
I'm terriblely disappointed. Broke after a week.,0
Amazing! excellent and appreciated every bit of it.,2
Total waste of money. flimsy from day one.,0
Zero stars if I could. awful all around.,0
This product is absolutely brilliant! I appreciate it so much.,2
This product is absolutely superb! I appreciate it so much.,2
Decent enough. Could be moderateer but works fine.,1
Could not be happier. wonderful and wonderful experience.,2
Zero stars if I could. defective all around.,0
Could not be happier. brilliant and brilliant experience.,2
Outstanding! The superb quality speaks for itself.,2
Works as described. Nothing standard about it.,1
Best purchase I've made in years. Truly superb.,2
It arrived on time. Seems basic quality for the price.,1
"Average product, not standard but not bad either.",1
"Standard quality, plain packaging, average delivery.",1
Cheap and awful. Fell apart immediately.,0
Best purchase I've made in years. Truly excellent.,2
Does the job. Would've preferred something more basic.,1
I'm dreadfully disappointed. Broke after a week.,0
Do NOT buy this. Absolutely dreadful quality.,0
Could not be happier. amazing and amazing experience.,2
I expected more. It's just average at best.,1
This product is absolutely wonderful! I love it so much.,2
I was wonderfully surprised — appreciated it completely.,2
Cheap and terrible. Fell apart immediately.,0
Horrible experience from start to finish. Very dreadful.,0
Returned immediately. horrible smell and horrible finish.,0
"It's okay, does what it says. Nothing moderate.",1
Outstanding! The amazing quality speaks for itself.,2
Amazing! excellent and loved every bit of it.,2
"Totally wonderful, would recommend to all my friends.",2
Works as described. Nothing moderate about it.,1
Terrible product! Completely terrible and ruinedd my expectations.,0
Zero stars if I could. dreadful all around.,0
Regret buying this. dreadful quality for any price.,0
Total waste of money. dreadful from day one.,0
Decent enough. Could be ordinaryer but works fine.,1
Decent enough. Could be standarder but works fine.,1
Zero stars if I could. terrible all around.,0
Outstanding! The amazing quality speaks for itself.,2
"Average product, not moderate but not bad either.",1
Works as described. Nothing average about it.,1
Could not be happier. outstanding and outstanding experience.,2
Terrible product! Completely poor and ruinedd my expectations.,0
Outstanding! The wonderful quality speaks for itself.,2
Exceeded all my expectations. Incredibly outstanding.,2
"Totally excellent, would adore to all my friends.",2
"Worst purchase ever. awful construction, awful support.",0
Do NOT buy this. Absolutely defective quality.,0
Do NOT buy this. Absolutely poor quality.,0
Horrible experience from start to finish. Very dreadful.,0
"Standard quality, average packaging, average delivery.",1
I expected more. It's just standard at best.,1
"Average product, not plain but not bad either.",1
Regret buying this. flimsy quality for any price.,0
Cheap and terrible. Fell apart immediately.,0
Does the job. Would've preferred something more average.,1
It arrived on time. Seems basic quality for the price.,1
Exceeded all my expectations. Incredibly superb.,2
Decent enough. Could be basicer but works fine.,1
Outstanding! The excellent quality speaks for itself.,2
Outstanding! The outstanding quality speaks for itself.,2
I'm poorly disappointed. Broke after a week.,0
Terrible product! Completely awful and betrayedd my expectations.,0
I expected more. It's just plain at best.,1
Regret buying this. horrible quality for any price.,0
"brilliant quality, brilliant service. Highly recommend!",2
Exceeded all my expectations. Incredibly superb.,2
"Worst purchase ever. horrible construction, horrible support.",0
Five stars! Everything about this is superb.,2
"brilliant quality, brilliant service. Highly recommend!",2
Horrible experience from start to finish. Very terrible.,0
Total waste of money. horrible from day one.,0
Terrible product! Completely terrible and destroyedd my expectations.,0
Total waste of money. terrible from day one.,0
I was amazingly surprised — loved it completely.,2
Exceeded all my expectations. Incredibly outstanding.,2
Amazing! fantastic and enjoyd every bit of it.,2
Cheap and awful. Fell apart immediately.,0
This product is absolutely brilliant! I adore it so much.,2
Returned immediately. poor smell and poor finish.,0
"Average product, not standard but not bad either.",1
It arrived on time. Seems ordinary quality for the price.,1
Do NOT buy this. Absolutely terrible quality.,0
Best purchase I've made in years. Truly superb.,2
"Standard quality, moderate packaging, average delivery.",1
"fantastic quality, fantastic service. Highly recommend!",2
Cheap and poor. Fell apart immediately.,0
"Average product, not basic but not bad either.",1
Could not be happier. brilliant and brilliant experience.,2
Returned immediately. horrible smell and horrible finish.,0
Works as described. Nothing basic about it.,1
"Not bad, not great. Pretty plain overall.",1
"Average product, not plain but not bad either.",1
Does the job. Would've preferred something more ordinary.,1
"Not bad, not great. Pretty average overall.",1
Exceeded all my expectations. Incredibly brilliant.,2
Returned immediately. flimsy smell and flimsy finish.,0
It arrived on time. Seems average quality for the price.,1
"Average product, not ordinary but not bad either.",1
Zero stars if I could. horrible all around.,0
Decent enough. Could be ordinaryer but works fine.,1
Regret buying this. awful quality for any price.,0
Decent enough. Could be ordinaryer but works fine.,1
Outstanding! The superb quality speaks for itself.,2
It arrived on time. Seems standard quality for the price.,1
Exceeded all my expectations. Incredibly superb.,2
"Totally wonderful, would appreciate to all my friends.",2
Returned immediately. dreadful smell and dreadful finish.,0
Returned immediately. flimsy smell and flimsy finish.,0
Amazing! fantastic and appreciated every bit of it.,2
Outstanding! The amazing quality speaks for itself.,2
Exceeded all my expectations. Incredibly fantastic.,2
"Standard quality, average packaging, average delivery.",1
"Worst purchase ever. dreadful construction, dreadful support.",0
Five stars! Everything about this is brilliant.,2
Horrible experience from start to finish. Very awful.,0
Does the job. Would've preferred something more ordinary.,1
Amazing! amazing and enjoyd every bit of it.,2
Terrible product! Completely terrible and shatteredd my expectations.,0
"Totally brilliant, would appreciate to all my friends.",2
Could not be happier. fantastic and fantastic experience.,2
Amazing! amazing and enjoyd every bit of it.,2
It arrived on time. Seems ordinary quality for the price.,1
It arrived on time. Seems basic quality for the price.,1
Five stars! Everything about this is fantastic.,2
"Average product, not average but not bad either.",1
"Not bad, not great. Pretty moderate overall.",1
Acceptable. Nothing stands out — quite moderate.,1
Works as described. Nothing ordinary about it.,1
Returned immediately. poor smell and poor finish.,0
Decent enough. Could be plainer but works fine.,1
"Not bad, not great. Pretty moderate overall.",1
I'm dreadfully disappointed. Broke after a week.,0
Works as described. Nothing plain about it.,1
Terrible product! Completely horrible and ruinedd my expectations.,0
Zero stars if I could. defective all around.,0
Terrible product! Completely horrible and shatteredd my expectations.,0
Works as described. Nothing basic about it.,1
Total waste of money. terrible from day one.,0
Amazing! amazing and loved every bit of it.,2
Could not be happier. brilliant and brilliant experience.,2
I'm dreadfully disappointed. Broke after a week.,0
Cheap and dreadful. Fell apart immediately.,0
Terrible product! Completely horrible and crushedd my expectations.,0
Decent enough. Could be plainer but works fine.,1
Amazing! amazing and recommendd every bit of it.,2
Amazing! superb and adored every bit of it.,2
Amazing! brilliant and appreciated every bit of it.,2
Regret buying this. defective quality for any price.,0
Outstanding! The amazing quality speaks for itself.,2
Zero stars if I could. defective all around.,0
I was amazingly surprised — enjoyd it completely.,2
I was outstandingly surprised — enjoyd it completely.,2
Best purchase I've made in years. Truly amazing.,2
Horrible experience from start to finish. Very horrible.,0
I expected more. It's just plain at best.,1
Amazing! excellent and enjoyd every bit of it.,2
I was fantasticly surprised — enjoyd it completely.,2
Amazing! amazing and appreciated every bit of it.,2
It arrived on time. Seems plain quality for the price.,1
"Average product, not standard but not bad either.",1
This product is absolutely superb! I love it so much.,2
Could not be happier. fantastic and fantastic experience.,2
"Standard quality, standard packaging, average delivery.",1
Amazing! excellent and recommendd every bit of it.,2
Could not be happier. amazing and amazing experience.,2
Do NOT buy this. Absolutely poor quality.,0
Total waste of money. terrible from day one.,0
Total waste of money. awful from day one.,0
It arrived on time. Seems plain quality for the price.,1
Outstanding! The outstanding quality speaks for itself.,2
I'm poorly disappointed. Broke after a week.,0
It arrived on time. Seems average quality for the price.,1
Outstanding! The wonderful quality speaks for itself.,2
"Worst purchase ever. dreadful construction, dreadful support.",0
Exceeded all my expectations. Incredibly outstanding.,2
Terrible product! Completely poor and destroyedd my expectations.,0
"Totally brilliant, would adore to all my friends.",2
This product is absolutely outstanding! I appreciate it so much.,2
"brilliant quality, brilliant service. Highly recommend!",2
Terrible product! Completely poor and shatteredd my expectations.,0
"brilliant quality, brilliant service. Highly recommend!",2
Do NOT buy this. Absolutely horrible quality.,0
Decent enough. Could be plainer but works fine.,1
"Average product, not ordinary but not bad either.",1
Works as described. Nothing plain about it.,1
Horrible experience from start to finish. Very poor.,0
"Not bad, not great. Pretty plain overall.",1
Do NOT buy this. Absolutely horrible quality.,0
Exceeded all my expectations. Incredibly superb.,2
Could not be happier. brilliant and brilliant experience.,2
"Not bad, not great. Pretty moderate overall.",1
I was fantasticly surprised — adored it completely.,2
Outstanding! The fantastic quality speaks for itself.,2
"Standard quality, standard packaging, average delivery.",1
Acceptable. Nothing stands out — quite basic.,1
Amazing! wonderful and appreciated every bit of it.,2
Could not be happier. amazing and amazing experience.,2
Regret buying this. defective quality for any price.,0
"Totally amazing, would appreciate to all my friends.",2
This product is absolutely fantastic! I recommend it so much.,2
Exceeded all my expectations. Incredibly brilliant.,2
Five stars! Everything about this is brilliant.,2
Total waste of money. dreadful from day one.,0
Do NOT buy this. Absolutely awful quality.,0
"Worst purchase ever. dreadful construction, dreadful support.",0
Could not be happier. brilliant and brilliant experience.,2
I expected more. It's just basic at best.,1
"Average product, not ordinary but not bad either.",1
Outstanding! The excellent quality speaks for itself.,2
This product is absolutely brilliant! I recommend it so much.,2
"Totally fantastic, would appreciate to all my friends.",2
Exceeded all my expectations. Incredibly excellent.,2
Does the job. Would've preferred something more standard.,1
"amazing quality, amazing service. Highly recommend!",2
Zero stars if I could. awful all around.,0
Exceeded all my expectations. Incredibly fantastic.,2
I was excellently surprised — recommendd it completely.,2
Cheap and dreadful. Fell apart immediately.,0
"Totally superb, would love to all my friends.",2
Total waste of money. poor from day one.,0
Zero stars if I could. terrible all around.,0
I'm flimsyly disappointed. Broke after a week.,0
"Not bad, not great. Pretty plain overall.",1
I expected more. It's just moderate at best.,1
"Not bad, not great. Pretty basic overall.",1
"Worst purchase ever. horrible construction, horrible support.",0
Works as described. Nothing plain about it.,1
I was superbly surprised — enjoyd it completely.,2
"Not bad, not great. Pretty average overall.",1
I was brilliantly surprised — adored it completely.,2
"Worst purchase ever. terrible construction, terrible support.",0
It arrived on time. Seems average quality for the price.,1
Total waste of money. poor from day one.,0
Exceeded all my expectations. Incredibly brilliant.,2
Does the job. Would've preferred something more moderate.,1
Zero stars if I could. horrible all around.,0
Zero stars if I could. dreadful all around.,0
"superb quality, superb service. Highly recommend!",2
Does the job. Would've preferred something more moderate.,1
Returned immediately. awful smell and awful finish.,0
It arrived on time. Seems standard quality for the price.,1
Acceptable. Nothing stands out — quite standard.,1
This product is absolutely excellent! I appreciate it so much.,2
I'm poorly disappointed. Broke after a week.,0
Regret buying this. poor quality for any price.,0
Do NOT buy this. Absolutely horrible quality.,0
Amazing! amazing and adored every bit of it.,2
Decent enough. Could be ordinaryer but works fine.,1
Horrible experience from start to finish. Very awful.,0
Terrible product! Completely terrible and ruinedd my expectations.,0
Zero stars if I could. poor all around.,0
I was fantasticly surprised — appreciated it completely.,2
Cheap and terrible. Fell apart immediately.,0
It arrived on time. Seems moderate quality for the price.,1
"Average product, not average but not bad either.",1
Returned immediately. defective smell and defective finish.,0
"fantastic quality, fantastic service. Highly recommend!",2
Zero stars if I could. terrible all around.,0
I was fantasticly surprised — recommendd it completely.,2
"Average product, not plain but not bad either.",1
Horrible experience from start to finish. Very poor.,0
I expected more. It's just moderate at best.,1
I'm flimsyly disappointed. Broke after a week.,0
Acceptable. Nothing stands out — quite basic.,1
Best purchase I've made in years. Truly wonderful.,2
Horrible experience from start to finish. Very awful.,0
I was fantasticly surprised — enjoyd it completely.,2
"Average product, not average but not bad either.",1
Amazing! fantastic and appreciated every bit of it.,2
I was fantasticly surprised — enjoyd it completely.,2
Acceptable. Nothing stands out — quite moderate.,1
"Totally excellent, would love to all my friends.",2
Horrible experience from start to finish. Very flimsy.,0
Decent enough. Could be moderateer but works fine.,1
Amazing! wonderful and adored every bit of it.,2
I expected more. It's just ordinary at best.,1
Outstanding! The excellent quality speaks for itself.,2
"Worst purchase ever. dreadful construction, dreadful support.",0
Outstanding! The brilliant quality speaks for itself.,2
"Average product, not standard but not bad either.",1
Does the job. Would've preferred something more average.,1
Horrible experience from start to finish. Very awful.,0
Works as described. Nothing moderate about it.,1
Decent enough. Could be ordinaryer but works fine.,1
Horrible experience from start to finish. Very flimsy.,0
Regret buying this. poor quality for any price.,0
"Standard quality, moderate packaging, average delivery.",1
This product is absolutely outstanding! I love it so much.,2
I expected more. It's just average at best.,1
Amazing! brilliant and enjoyd every bit of it.,2
Horrible experience from start to finish. Very terrible.,0
"superb quality, superb service. Highly recommend!",2
Does the job. Would've preferred something more basic.,1
I'm poorly disappointed. Broke after a week.,0
Could not be happier. outstanding and outstanding experience.,2
Cheap and awful. Fell apart immediately.,0
It arrived on time. Seems average quality for the price.,1
Best purchase I've made in years. Truly excellent.,2
"Totally brilliant, would appreciate to all my friends.",2
"It's okay, does what it says. Nothing moderate.",1
Five stars! Everything about this is amazing.,2
Outstanding! The brilliant quality speaks for itself.,2
"Average product, not ordinary but not bad either.",1
Decent enough. Could be plainer but works fine.,1
This product is absolutely amazing! I appreciate it so much.,2
I was brilliantly surprised — appreciated it completely.,2
I was amazingly surprised — loved it completely.,2
Does the job. Would've preferred something more plain.,1
Exceeded all my expectations. Incredibly brilliant.,2
Zero stars if I could. poor all around.,0
Could not be happier. amazing and amazing experience.,2
"Totally outstanding, would enjoy to all my friends.",2
"Standard quality, standard packaging, average delivery.",1
Decent enough. Could be moderateer but works fine.,1
Do NOT buy this. Absolutely defective quality.,0
Zero stars if I could. awful all around.,0
Regret buying this. flimsy quality for any price.,0
"Worst purchase ever. dreadful construction, dreadful support.",0
"It's okay, does what it says. Nothing basic.",1
"Totally brilliant, would adore to all my friends.",2
"Standard quality, ordinary packaging, average delivery.",1
Horrible experience from start to finish. Very defective.,0
Returned immediately. flimsy smell and flimsy finish.,0
"Standard quality, ordinary packaging, average delivery.",1
Returned immediately. poor smell and poor finish.,0
Outstanding! The outstanding quality speaks for itself.,2
"Standard quality, standard packaging, average delivery.",1
Five stars! Everything about this is amazing.,2
"It's okay, does what it says. Nothing moderate.",1
I expected more. It's just moderate at best.,1
"Worst purchase ever. defective construction, defective support.",0
"Standard quality, average packaging, average delivery.",1
Works as described. Nothing ordinary about it.,1
Terrible product! Completely poor and betrayedd my expectations.,0
Best purchase I've made in years. Truly brilliant.,2
I expected more. It's just standard at best.,1
Outstanding! The excellent quality speaks for itself.,2
"Standard quality, basic packaging, average delivery.",1
"It's okay, does what it says. Nothing basic.",1
Horrible experience from start to finish. Very defective.,0
I'm poorly disappointed. Broke after a week.,0
I'm dreadfully disappointed. Broke after a week.,0
Does the job. Would've preferred something more average.,1
Cheap and terrible. Fell apart immediately.,0
"Standard quality, moderate packaging, average delivery.",1
"Average product, not average but not bad either.",1
"wonderful quality, wonderful service. Highly recommend!",2
Horrible experience from start to finish. Very dreadful.,0
Outstanding! The superb quality speaks for itself.,2
"Totally brilliant, would love to all my friends.",2
Acceptable. Nothing stands out — quite standard.,1
Regret buying this. poor quality for any price.,0
Horrible experience from start to finish. Very flimsy.,0
Outstanding! The amazing quality speaks for itself.,2
Outstanding! The amazing quality speaks for itself.,2
Works as described. Nothing ordinary about it.,1
Do NOT buy this. Absolutely dreadful quality.,0
Decent enough. Could be plainer but works fine.,1
"Not bad, not great. Pretty plain overall.",1
It arrived on time. Seems ordinary quality for the price.,1
Cheap and awful. Fell apart immediately.,0
Regret buying this. poor quality for any price.,0
Zero stars if I could. horrible all around.,0
"Average product, not basic but not bad either.",1
Works as described. Nothing basic about it.,1
I expected more. It's just moderate at best.,1
"Worst purchase ever. dreadful construction, dreadful support.",0
This product is absolutely outstanding! I love it so much.,2
I'm poorly disappointed. Broke after a week.,0
Amazing! brilliant and recommendd every bit of it.,2
Total waste of money. defective from day one.,0
I'm horriblely disappointed. Broke after a week.,0
Acceptable. Nothing stands out — quite ordinary.,1
Outstanding! The outstanding quality speaks for itself.,2
Does the job. Would've preferred something more standard.,1
Decent enough. Could be averageer but works fine.,1
Amazing! amazing and appreciated every bit of it.,2
Terrible product! Completely defective and shatteredd my expectations.,0
"Not bad, not great. Pretty moderate overall.",1
Does the job. Would've preferred something more moderate.,1
Regret buying this. poor quality for any price.,0
I was superbly surprised — adored it completely.,2
Total waste of money. poor from day one.,0
I'm awfully disappointed. Broke after a week.,0
Works as described. Nothing plain about it.,1
Returned immediately. poor smell and poor finish.,0
I expected more. It's just basic at best.,1
"Worst purchase ever. defective construction, defective support.",0
Outstanding! The superb quality speaks for itself.,2
"Average product, not basic but not bad either.",1
It arrived on time. Seems basic quality for the price.,1
Best purchase I've made in years. Truly wonderful.,2
"It's okay, does what it says. Nothing average.",1
Acceptable. Nothing stands out — quite average.,1
Returned immediately. awful smell and awful finish.,0
Zero stars if I could. poor all around.,0
"Average product, not average but not bad either.",1
Does the job. Would've preferred something more standard.,1
Five stars! Everything about this is brilliant.,2
Exceeded all my expectations. Incredibly excellent.,2
Acceptable. Nothing stands out — quite basic.,1
I expected more. It's just standard at best.,1
Regret buying this. flimsy quality for any price.,0
Horrible experience from start to finish. Very horrible.,0
Five stars! Everything about this is fantastic.,2
Decent enough. Could be averageer but works fine.,1
This product is absolutely wonderful! I recommend it so much.,2
Best purchase I've made in years. Truly excellent.,2
I expected more. It's just average at best.,1
Terrible product! Completely defective and crushedd my expectations.,0
Works as described. Nothing moderate about it.,1
Decent enough. Could be basicer but works fine.,1
Amazing! excellent and adored every bit of it.,2
Horrible experience from start to finish. Very horrible.,0
Five stars! Everything about this is fantastic.,2
"Standard quality, ordinary packaging, average delivery.",1
"Standard quality, standard packaging, average delivery.",1
Cheap and horrible. Fell apart immediately.,0
Regret buying this. terrible quality for any price.,0
I expected more. It's just ordinary at best.,1
Does the job. Would've preferred something more ordinary.,1
"outstanding quality, outstanding service. Highly recommend!",2
I expected more. It's just basic at best.,1
I'm poorly disappointed. Broke after a week.,0
Horrible experience from start to finish. Very horrible.,0
Regret buying this. awful quality for any price.,0
"It's okay, does what it says. Nothing average.",1
Acceptable. Nothing stands out — quite average.,1
Outstanding! The excellent quality speaks for itself.,2
Acceptable. Nothing stands out — quite moderate.,1
"Worst purchase ever. awful construction, awful support.",0
Zero stars if I could. awful all around.,0
Returned immediately. flimsy smell and flimsy finish.,0
It arrived on time. Seems moderate quality for the price.,1
Terrible product! Completely flimsy and destroyedd my expectations.,0
"Average product, not standard but not bad either.",1
Terrible product! Completely horrible and ruinedd my expectations.,0
Does the job. Would've preferred something more ordinary.,1
Total waste of money. horrible from day one.,0
Amazing! outstanding and appreciated every bit of it.,2
I was brilliantly surprised — recommendd it completely.,2
"Average product, not standard but not bad either.",1
Does the job. Would've preferred something more average.,1
I was excellently surprised — appreciated it completely.,2
Decent enough. Could be moderateer but works fine.,1
Returned immediately. horrible smell and horrible finish.,0
Does the job. Would've preferred something more ordinary.,1
Exceeded all my expectations. Incredibly fantastic.,2
Exceeded all my expectations. Incredibly wonderful.,2
"Average product, not moderate but not bad either.",1
Horrible experience from start to finish. Very horrible.,0
"Not bad, not great. Pretty basic overall.",1
I was excellently surprised — recommendd it completely.,2
Decent enough. Could be averageer but works fine.,1
Regret buying this. terrible quality for any price.,0
Total waste of money. horrible from day one.,0
Five stars! Everything about this is amazing.,2
I was fantasticly surprised — enjoyd it completely.,2
Do NOT buy this. Absolutely terrible quality.,0
"Worst purchase ever. flimsy construction, flimsy support.",0
Could not be happier. fantastic and fantastic experience.,2
Decent enough. Could be moderateer but works fine.,1
Works as described. Nothing average about it.,1
Cheap and terrible. Fell apart immediately.,0
"Not bad, not great. Pretty standard overall.",1
Acceptable. Nothing stands out — quite moderate.,1
Cheap and horrible. Fell apart immediately.,0
Best purchase I've made in years. Truly wonderful.,2
It arrived on time. Seems ordinary quality for the price.,1
"It's okay, does what it says. Nothing average.",1
Horrible experience from start to finish. Very flimsy.,0
Horrible experience from start to finish. Very dreadful.,0
Five stars! Everything about this is wonderful.,2
Outstanding! The wonderful quality speaks for itself.,2
"Average product, not standard but not bad either.",1
It arrived on time. Seems moderate quality for the price.,1
Zero stars if I could. flimsy all around.,0
Terrible product! Completely awful and ruinedd my expectations.,0
"It's okay, does what it says. Nothing basic.",1
Best purchase I've made in years. Truly excellent.,2
I was outstandingly surprised — loved it completely.,2
Regret buying this. awful quality for any price.,0
Does the job. Would've preferred something more basic.,1
Could not be happier. wonderful and wonderful experience.,2
Acceptable. Nothing stands out — quite ordinary.,1
Five stars! Everything about this is fantastic.,2
Returned immediately. horrible smell and horrible finish.,0
Acceptable. Nothing stands out — quite plain.,1
Best purchase I've made in years. Truly excellent.,2
Regret buying this. terrible quality for any price.,0
"It's okay, does what it says. Nothing ordinary.",1
"Totally excellent, would appreciate to all my friends.",2
"Totally outstanding, would enjoy to all my friends.",2
Acceptable. Nothing stands out — quite standard.,1
This product is absolutely outstanding! I recommend it so much.,2
"Totally outstanding, would enjoy to all my friends.",2
Could not be happier. amazing and amazing experience.,2
Outstanding! The wonderful quality speaks for itself.,2
"amazing quality, amazing service. Highly recommend!",2
Could not be happier. brilliant and brilliant experience.,2
Terrible product! Completely flimsy and crushedd my expectations.,0
"It's okay, does what it says. Nothing average.",1
"Average product, not average but not bad either.",1
"It's okay, does what it says. Nothing basic.",1
Horrible experience from start to finish. Very awful.,0
Acceptable. Nothing stands out — quite ordinary.,1
Terrible product! Completely dreadful and shatteredd my expectations.,0
Could not be happier. superb and superb experience.,2
Regret buying this. horrible quality for any price.,0
Do NOT buy this. Absolutely horrible quality.,0
Returned immediately. flimsy smell and flimsy finish.,0
Five stars! Everything about this is excellent.,2
Amazing! wonderful and adored every bit of it.,2
"Standard quality, basic packaging, average delivery.",1
"Average product, not moderate but not bad either.",1
Works as described. Nothing standard about it.,1
Could not be happier. brilliant and brilliant experience.,2
Best purchase I've made in years. Truly superb.,2
I was wonderfully surprised — enjoyd it completely.,2
This product is absolutely superb! I adore it so much.,2
I was outstandingly surprised — recommendd it completely.,2
I was brilliantly surprised — appreciated it completely.,2
Zero stars if I could. terrible all around.,0
Cheap and flimsy. Fell apart immediately.,0
Five stars! Everything about this is amazing.,2
Could not be happier. fantastic and fantastic experience.,2
Horrible experience from start to finish. Very dreadful.,0
Does the job. Would've preferred something more plain.,1
Do NOT buy this. Absolutely awful quality.,0
"Average product, not basic but not bad either.",1
Does the job. Would've preferred something more average.,1
Decent enough. Could be basicer but works fine.,1
It arrived on time. Seems average quality for the price.,1
"amazing quality, amazing service. Highly recommend!",2
Acceptable. Nothing stands out — quite moderate.,1
"Not bad, not great. Pretty plain overall.",1
Exceeded all my expectations. Incredibly brilliant.,2
Horrible experience from start to finish. Very terrible.,0
Outstanding! The superb quality speaks for itself.,2
It arrived on time. Seems basic quality for the price.,1
"Not bad, not great. Pretty ordinary overall.",1
Decent enough. Could be standarder but works fine.,1
Terrible product! Completely dreadful and ruinedd my expectations.,0
Could not be happier. wonderful and wonderful experience.,2
Regret buying this. poor quality for any price.,0
"Worst purchase ever. flimsy construction, flimsy support.",0
I'm terriblely disappointed. Broke after a week.,0
Regret buying this. terrible quality for any price.,0
It arrived on time. Seems basic quality for the price.,1
Exceeded all my expectations. Incredibly superb.,2
Does the job. Would've preferred something more standard.,1
This product is absolutely outstanding! I adore it so much.,2
"brilliant quality, brilliant service. Highly recommend!",2
Could not be happier. fantastic and fantastic experience.,2
Outstanding! The amazing quality speaks for itself.,2
Decent enough. Could be standarder but works fine.,1
Terrible product! Completely horrible and destroyedd my expectations.,0
This product is absolutely fantastic! I recommend it so much.,2
Decent enough. Could be moderateer but works fine.,1
Horrible experience from start to finish. Very poor.,0
"Worst purchase ever. flimsy construction, flimsy support.",0
I'm terriblely disappointed. Broke after a week.,0
Best purchase I've made in years. Truly fantastic.,2
Could not be happier. amazing and amazing experience.,2
This product is absolutely wonderful! I recommend it so much.,2
I was brilliantly surprised — adored it completely.,2
Five stars! Everything about this is outstanding.,2
Zero stars if I could. awful all around.,0
Best purchase I've made in years. Truly fantastic.,2
Does the job. Would've preferred something more moderate.,1
"wonderful quality, wonderful service. Highly recommend!",2
Cheap and flimsy. Fell apart immediately.,0
Zero stars if I could. flimsy all around.,0
"Worst purchase ever. dreadful construction, dreadful support.",0
Total waste of money. poor from day one.,0
"Average product, not average but not bad either.",1
Could not be happier. brilliant and brilliant experience.,2
Horrible experience from start to finish. Very defective.,0
Outstanding! The fantastic quality speaks for itself.,2
Zero stars if I could. defective all around.,0
Outstanding! The fantastic quality speaks for itself.,2
Works as described. Nothing moderate about it.,1
Does the job. Would've preferred something more moderate.,1
Zero stars if I could. awful all around.,0
Do NOT buy this. Absolutely terrible quality.,0
"amazing quality, amazing service. Highly recommend!",2
I was wonderfully surprised — loved it completely.,2
I'm flimsyly disappointed. Broke after a week.,0
"Average product, not plain but not bad either.",1
This product is absolutely fantastic! I enjoy it so much.,2
Horrible experience from start to finish. Very defective.,0
Amazing! outstanding and recommendd every bit of it.,2
Exceeded all my expectations. Incredibly fantastic.,2
I was fantasticly surprised — enjoyd it completely.,2
"Worst purchase ever. flimsy construction, flimsy support.",0
"wonderful quality, wonderful service. Highly recommend!",2
"Average product, not ordinary but not bad either.",1
Does the job. Would've preferred something more ordinary.,1
Could not be happier. amazing and amazing experience.,2
"Standard quality, average packaging, average delivery.",1
Amazing! brilliant and adored every bit of it.,2
Acceptable. Nothing stands out — quite basic.,1
Does the job. Would've preferred something more ordinary.,1
Returned immediately. defective smell and defective finish.,0
"Totally outstanding, would adore to all my friends.",2
"Worst purchase ever. awful construction, awful support.",0
Amazing! fantastic and appreciated every bit of it.,2
"It's okay, does what it says. Nothing standard.",1
"It's okay, does what it says. Nothing moderate.",1
"It's okay, does what it says. Nothing basic.",1
"Average product, not plain but not bad either.",1
"Totally amazing, would appreciate to all my friends.",2
"Standard quality, moderate packaging, average delivery.",1
Outstanding! The superb quality speaks for itself.,2
Decent enough. Could be standarder but works fine.,1
"It's okay, does what it says. Nothing moderate.",1
Works as described. Nothing basic about it.,1
Cheap and defective. Fell apart immediately.,0
Decent enough. Could be ordinaryer but works fine.,1
Does the job. Would've preferred something more ordinary.,1
I'm awfully disappointed. Broke after a week.,0
Do NOT buy this. Absolutely awful quality.,0
Returned immediately. poor smell and poor finish.,0
"It's okay, does what it says. Nothing ordinary.",1
Terrible product! Completely awful and destroyedd my expectations.,0
Terrible product! Completely defective and shatteredd my expectations.,0
I expected more. It's just basic at best.,1
Works as described. Nothing standard about it.,1
Amazing! brilliant and appreciated every bit of it.,2
Decent enough. Could be ordinaryer but works fine.,1
"Totally wonderful, would love to all my friends.",2
Total waste of money. horrible from day one.,0
Total waste of money. defective from day one.,0
Decent enough. Could be ordinaryer but works fine.,1
This product is absolutely fantastic! I recommend it so much.,2
Outstanding! The superb quality speaks for itself.,2
Exceeded all my expectations. Incredibly wonderful.,2
Horrible experience from start to finish. Very dreadful.,0
Works as described. Nothing ordinary about it.,1
Cheap and horrible. Fell apart immediately.,0
Five stars! Everything about this is fantastic.,2
Amazing! wonderful and loved every bit of it.,2
Best purchase I've made in years. Truly excellent.,2
Total waste of money. awful from day one.,0
I was outstandingly surprised — enjoyd it completely.,2
Outstanding! The fantastic quality speaks for itself.,2
"It's okay, does what it says. Nothing standard.",1
Do NOT buy this. Absolutely poor quality.,0
"Totally fantastic, would recommend to all my friends.",2
Amazing! brilliant and appreciated every bit of it.,2
Acceptable. Nothing stands out — quite standard.,1
"Standard quality, average packaging, average delivery.",1
Zero stars if I could. flimsy all around.,0
Returned immediately. defective smell and defective finish.,0
Horrible experience from start to finish. Very dreadful.,0
Acceptable. Nothing stands out — quite ordinary.,1
I expected more. It's just average at best.,1
"excellent quality, excellent service. Highly recommend!",2
Amazing! superb and loved every bit of it.,2
Do NOT buy this. Absolutely dreadful quality.,0
"It's okay, does what it says. Nothing average.",1
Acceptable. Nothing stands out — quite plain.,1
Exceeded all my expectations. Incredibly superb.,2
Five stars! Everything about this is outstanding.,2
Amazing! wonderful and adored every bit of it.,2
Do NOT buy this. Absolutely awful quality.,0
Regret buying this. awful quality for any price.,0
Returned immediately. awful smell and awful finish.,0
Do NOT buy this. Absolutely dreadful quality.,0
Do NOT buy this. Absolutely awful quality.,0
Horrible experience from start to finish. Very defective.,0
Regret buying this. horrible quality for any price.,0
I was excellently surprised — recommendd it completely.,2
Horrible experience from start to finish. Very horrible.,0
Exceeded all my expectations. Incredibly outstanding.,2
"amazing quality, amazing service. Highly recommend!",2
Total waste of money. flimsy from day one.,0
"Standard quality, moderate packaging, average delivery.",1
Does the job. Would've preferred something more ordinary.,1
I'm terriblely disappointed. Broke after a week.,0
Could not be happier. fantastic and fantastic experience.,2
I was excellently surprised — adored it completely.,2
Do NOT buy this. Absolutely terrible quality.,0
"Totally fantastic, would love to all my friends.",2
Does the job. Would've preferred something more standard.,1
"Average product, not moderate but not bad either.",1
Five stars! Everything about this is outstanding.,2
"Standard quality, average packaging, average delivery.",1
"It's okay, does what it says. Nothing standard.",1
Best purchase I've made in years. Truly superb.,2
Decent enough. Could be plainer but works fine.,1
Zero stars if I could. dreadful all around.,0
Total waste of money. poor from day one.,0
Zero stars if I could. defective all around.,0
It arrived on time. Seems basic quality for the price.,1
Decent enough. Could be moderateer but works fine.,1
Outstanding! The brilliant quality speaks for itself.,2
Do NOT buy this. Absolutely horrible quality.,0
It arrived on time. Seems basic quality for the price.,1
It arrived on time. Seems plain quality for the price.,1
"Totally amazing, would adore to all my friends.",2
It arrived on time. Seems standard quality for the price.,1
Five stars! Everything about this is wonderful.,2
"brilliant quality, brilliant service. Highly recommend!",2
Returned immediately. terrible smell and terrible finish.,0
Outstanding! The brilliant quality speaks for itself.,2
"fantastic quality, fantastic service. Highly recommend!",2
Zero stars if I could. flimsy all around.,0
Works as described. Nothing average about it.,1
I'm flimsyly disappointed. Broke after a week.,0
Works as described. Nothing plain about it.,1
Regret buying this. horrible quality for any price.,0
"Average product, not basic but not bad either.",1
"It's okay, does what it says. Nothing plain.",1
"Average product, not ordinary but not bad either.",1
Works as described. Nothing standard about it.,1
Does the job. Would've preferred something more plain.,1
"Standard quality, plain packaging, average delivery.",1
Could not be happier. amazing and amazing experience.,2
"Totally excellent, would love to all my friends.",2
"Worst purchase ever. defective construction, defective support.",0
Do NOT buy this. Absolutely flimsy quality.,0
Outstanding! The brilliant quality speaks for itself.,2
Decent enough. Could be standarder but works fine.,1
I'm flimsyly disappointed. Broke after a week.,0
"Standard quality, basic packaging, average delivery.",1
Five stars! Everything about this is wonderful.,2
Regret buying this. terrible quality for any price.,0
Could not be happier. amazing and amazing experience.,2
Does the job. Would've preferred something more standard.,1
Best purchase I've made in years. Truly superb.,2
I was amazingly surprised — adored it completely.,2
Cheap and flimsy. Fell apart immediately.,0
Works as described. Nothing standard about it.,1
Could not be happier. fantastic and fantastic experience.,2
Returned immediately. horrible smell and horrible finish.,0
Could not be happier. superb and superb experience.,2
"Average product, not plain but not bad either.",1
Decent enough. Could be plainer but works fine.,1
This product is absolutely wonderful! I appreciate it so much.,2
"Not bad, not great. Pretty ordinary overall.",1
Amazing! superb and loved every bit of it.,2
Works as described. Nothing standard about it.,1
Could not be happier. wonderful and wonderful experience.,2
Outstanding! The wonderful quality speaks for itself.,2
I expected more. It's just moderate at best.,1
I was fantasticly surprised — enjoyd it completely.,2
"Not bad, not great. Pretty plain overall.",1
"Totally excellent, would love to all my friends.",2
"Average product, not basic but not bad either.",1
Could not be happier. amazing and amazing experience.,2
I expected more. It's just basic at best.,1
Horrible experience from start to finish. Very terrible.,0
Horrible experience from start to finish. Very horrible.,0
"Average product, not basic but not bad either.",1
Outstanding! The fantastic quality speaks for itself.,2
"Worst purchase ever. flimsy construction, flimsy support.",0
Do NOT buy this. Absolutely flimsy quality.,0
Horrible experience from start to finish. Very terrible.,0
"Not bad, not great. Pretty ordinary overall.",1
Works as described. Nothing plain about it.,1
Outstanding! The amazing quality speaks for itself.,2
Regret buying this. defective quality for any price.,0
Five stars! Everything about this is brilliant.,2
Regret buying this. horrible quality for any price.,0
It arrived on time. Seems average quality for the price.,1
Outstanding! The brilliant quality speaks for itself.,2
Cheap and poor. Fell apart immediately.,0
Best purchase I've made in years. Truly fantastic.,2
Horrible experience from start to finish. Very poor.,0
Zero stars if I could. dreadful all around.,0
Does the job. Would've preferred something more ordinary.,1
Zero stars if I could. defective all around.,0
It arrived on time. Seems basic quality for the price.,1
"Not bad, not great. Pretty standard overall.",1
Cheap and defective. Fell apart immediately.,0
Amazing! amazing and recommendd every bit of it.,2
Terrible product! Completely awful and ruinedd my expectations.,0
Cheap and flimsy. Fell apart immediately.,0
Outstanding! The outstanding quality speaks for itself.,2
This product is absolutely amazing! I adore it so much.,2
Outstanding! The fantastic quality speaks for itself.,2
Amazing! wonderful and enjoyd every bit of it.,2
"Totally fantastic, would love to all my friends.",2
Exceeded all my expectations. Incredibly excellent.,2
Could not be happier. wonderful and wonderful experience.,2
This product is absolutely fantastic! I recommend it so much.,2
"Worst purchase ever. awful construction, awful support.",0
Best purchase I've made in years. Truly brilliant.,2
Decent enough. Could be ordinaryer but works fine.,1
Decent enough. Could be standarder but works fine.,1
"Totally brilliant, would enjoy to all my friends.",2
This product is absolutely outstanding! I enjoy it so much.,2
It arrived on time. Seems moderate quality for the price.,1
"Standard quality, standard packaging, average delivery.",1
"Totally excellent, would love to all my friends.",2
I was amazingly surprised — adored it completely.,2
"Not bad, not great. Pretty ordinary overall.",1
Acceptable. Nothing stands out — quite ordinary.,1
Horrible experience from start to finish. Very dreadful.,0
Works as described. Nothing standard about it.,1
Exceeded all my expectations. Incredibly fantastic.,2
"Worst purchase ever. horrible construction, horrible support.",0
"Average product, not basic but not bad either.",1
"Standard quality, standard packaging, average delivery.",1
I was excellently surprised — appreciated it completely.,2
Decent enough. Could be moderateer but works fine.,1
"It's okay, does what it says. Nothing moderate.",1
"Average product, not basic but not bad either.",1
"Worst purchase ever. poor construction, poor support.",0
Acceptable. Nothing stands out — quite plain.,1
Zero stars if I could. horrible all around.,0
Cheap and terrible. Fell apart immediately.,0
"Standard quality, standard packaging, average delivery.",1
Regret buying this. flimsy quality for any price.,0
Outstanding! The amazing quality speaks for itself.,2
Returned immediately. dreadful smell and dreadful finish.,0
Horrible experience from start to finish. Very dreadful.,0
This product is absolutely excellent! I enjoy it so much.,2
Do NOT buy this. Absolutely dreadful quality.,0
I'm terriblely disappointed. Broke after a week.,0
"Average product, not standard but not bad either.",1
"Standard quality, average packaging, average delivery.",1
This product is absolutely amazing! I enjoy it so much.,2
Exceeded all my expectations. Incredibly excellent.,2
Regret buying this. poor quality for any price.,0
"Totally brilliant, would recommend to all my friends.",2
"outstanding quality, outstanding service. Highly recommend!",2
Decent enough. Could be averageer but works fine.,1
I expected more. It's just moderate at best.,1
I expected more. It's just moderate at best.,1
Best purchase I've made in years. Truly fantastic.,2
Total waste of money. flimsy from day one.,0
Exceeded all my expectations. Incredibly fantastic.,2
Does the job. Would've preferred something more plain.,1
"Standard quality, moderate packaging, average delivery.",1
Five stars! Everything about this is outstanding.,2
Works as described. Nothing average about it.,1
"Totally amazing, would adore to all my friends.",2
"Worst purchase ever. flimsy construction, flimsy support.",0
Returned immediately. defective smell and defective finish.,0
Could not be happier. amazing and amazing experience.,2
Amazing! excellent and recommendd every bit of it.,2
"Worst purchase ever. terrible construction, terrible support.",0
Amazing! brilliant and recommendd every bit of it.,2
"Standard quality, moderate packaging, average delivery.",1
Do NOT buy this. Absolutely horrible quality.,0
"Not bad, not great. Pretty standard overall.",1
Cheap and flimsy. Fell apart immediately.,0
This product is absolutely brilliant! I appreciate it so much.,2
Regret buying this. dreadful quality for any price.,0
"Totally amazing, would appreciate to all my friends.",2
Decent enough. Could be standarder but works fine.,1
I expected more. It's just moderate at best.,1
Amazing! fantastic and recommendd every bit of it.,2
Outstanding! The brilliant quality speaks for itself.,2
"Average product, not ordinary but not bad either.",1
"Not bad, not great. Pretty plain overall.",1
Five stars! Everything about this is wonderful.,2
Do NOT buy this. Absolutely dreadful quality.,0
"Average product, not ordinary but not bad either.",1
Returned immediately. defective smell and defective finish.,0
Could not be happier. amazing and amazing experience.,2
"It's okay, does what it says. Nothing basic.",1
"Average product, not plain but not bad either.",1
I expected more. It's just ordinary at best.,1
Best purchase I've made in years. Truly outstanding.,2
"Worst purchase ever. flimsy construction, flimsy support.",0
Total waste of money. flimsy from day one.,0
I expected more. It's just average at best.,1
Acceptable. Nothing stands out — quite average.,1
"Totally brilliant, would adore to all my friends.",2
I was superbly surprised — appreciated it completely.,2
"superb quality, superb service. Highly recommend!",2
Total waste of money. flimsy from day one.,0
"Standard quality, basic packaging, average delivery.",1
Does the job. Would've preferred something more moderate.,1
Exceeded all my expectations. Incredibly superb.,2
Cheap and horrible. Fell apart immediately.,0
Does the job. Would've preferred something more moderate.,1
Outstanding! The superb quality speaks for itself.,2
Amazing! excellent and loved every bit of it.,2
Total waste of money. terrible from day one.,0
It arrived on time. Seems standard quality for the price.,1
"It's okay, does what it says. Nothing standard.",1
"fantastic quality, fantastic service. Highly recommend!",2
This product is absolutely brilliant! I recommend it so much.,2
Decent enough. Could be ordinaryer but works fine.,1
Returned immediately. dreadful smell and dreadful finish.,0
"amazing quality, amazing service. Highly recommend!",2
Returned immediately. flimsy smell and flimsy finish.,0
Best purchase I've made in years. Truly excellent.,2
"superb quality, superb service. Highly recommend!",2
"Not bad, not great. Pretty ordinary overall.",1
Outstanding! The excellent quality speaks for itself.,2
"Standard quality, basic packaging, average delivery.",1
Exceeded all my expectations. Incredibly fantastic.,2
"Not bad, not great. Pretty plain overall.",1
"Worst purchase ever. dreadful construction, dreadful support.",0
Amazing! excellent and adored every bit of it.,2
Exceeded all my expectations. Incredibly wonderful.,2
Decent enough. Could be averageer but works fine.,1
Amazing! amazing and loved every bit of it.,2
Decent enough. Could be basicer but works fine.,1
Do NOT buy this. Absolutely defective quality.,0
"It's okay, does what it says. Nothing ordinary.",1
Terrible product! Completely awful and destroyedd my expectations.,0
Terrible product! Completely poor and destroyedd my expectations.,0
Could not be happier. wonderful and wonderful experience.,2
It arrived on time. Seems plain quality for the price.,1
Zero stars if I could. horrible all around.,0
"Not bad, not great. Pretty basic overall.",1
I'm flimsyly disappointed. Broke after a week.,0
"Standard quality, standard packaging, average delivery.",1
I expected more. It's just ordinary at best.,1
I was superbly surprised — appreciated it completely.,2
Total waste of money. terrible from day one.,0
Zero stars if I could. terrible all around.,0
Decent enough. Could be standarder but works fine.,1
Horrible experience from start to finish. Very defective.,0
Returned immediately. poor smell and poor finish.,0
Best purchase I've made in years. Truly superb.,2
Regret buying this. poor quality for any price.,0
Returned immediately. dreadful smell and dreadful finish.,0
Could not be happier. wonderful and wonderful experience.,2
Decent enough. Could be standarder but works fine.,1
This product is absolutely fantastic! I love it so much.,2
"Worst purchase ever. dreadful construction, dreadful support.",0
Amazing! amazing and recommendd every bit of it.,2
Works as described. Nothing average about it.,1
"fantastic quality, fantastic service. Highly recommend!",2
Horrible experience from start to finish. Very defective.,0
Regret buying this. dreadful quality for any price.,0
Returned immediately. poor smell and poor finish.,0
"Totally brilliant, would recommend to all my friends.",2
"Not bad, not great. Pretty plain overall.",1
Decent enough. Could be moderateer but works fine.,1
"It's okay, does what it says. Nothing basic.",1
Best purchase I've made in years. Truly excellent.,2
I was wonderfully surprised — appreciated it completely.,2
Returned immediately. terrible smell and terrible finish.,0
Could not be happier. excellent and excellent experience.,2
Amazing! amazing and loved every bit of it.,2
"Worst purchase ever. flimsy construction, flimsy support.",0
It arrived on time. Seems average quality for the price.,1
Amazing! amazing and loved every bit of it.,2
Outstanding! The brilliant quality speaks for itself.,2
Total waste of money. horrible from day one.,0
Horrible experience from start to finish. Very terrible.,0
Could not be happier. amazing and amazing experience.,2
Best purchase I've made in years. Truly brilliant.,2
Terrible product! Completely terrible and crushedd my expectations.,0
Regret buying this. defective quality for any price.,0
Zero stars if I could. poor all around.,0
"Totally excellent, would enjoy to all my friends.",2
"Average product, not plain but not bad either.",1
"Not bad, not great. Pretty basic overall.",1
Decent enough. Could be ordinaryer but works fine.,1
Zero stars if I could. terrible all around.,0
"Average product, not ordinary but not bad either.",1
Decent enough. Could be standarder but works fine.,1
Decent enough. Could be moderateer but works fine.,1
Works as described. Nothing ordinary about it.,1
"Average product, not moderate but not bad either.",1
Does the job. Would've preferred something more average.,1
Outstanding! The amazing quality speaks for itself.,2
Acceptable. Nothing stands out — quite moderate.,1
"Standard quality, average packaging, average delivery.",1
This product is absolutely amazing! I adore it so much.,2
"Not bad, not great. Pretty plain overall.",1
Does the job. Would've preferred something more basic.,1
Five stars! Everything about this is wonderful.,2
Exceeded all my expectations. Incredibly fantastic.,2
Acceptable. Nothing stands out — quite standard.,1
Does the job. Would've preferred something more basic.,1
Total waste of money. dreadful from day one.,0
"It's okay, does what it says. Nothing average.",1
"Worst purchase ever. horrible construction, horrible support.",0
I was excellently surprised — recommendd it completely.,2
Regret buying this. dreadful quality for any price.,0
"Totally fantastic, would love to all my friends.",2
Do NOT buy this. Absolutely horrible quality.,0
"Standard quality, moderate packaging, average delivery.",1
Does the job. Would've preferred something more standard.,1
Decent enough. Could be standarder but works fine.,1
Horrible experience from start to finish. Very flimsy.,0
Total waste of money. awful from day one.,0
Best purchase I've made in years. Truly brilliant.,2
Could not be happier. amazing and amazing experience.,2
This product is absolutely outstanding! I enjoy it so much.,2
Exceeded all my expectations. Incredibly brilliant.,2
Acceptable. Nothing stands out — quite moderate.,1
Zero stars if I could. horrible all around.,0
Zero stars if I could. horrible all around.,0
Acceptable. Nothing stands out — quite ordinary.,1
Total waste of money. dreadful from day one.,0
I'm flimsyly disappointed. Broke after a week.,0
"It's okay, does what it says. Nothing ordinary.",1
Could not be happier. outstanding and outstanding experience.,2
Decent enough. Could be moderateer but works fine.,1
I expected more. It's just average at best.,1
"Not bad, not great. Pretty standard overall.",1
"It's okay, does what it says. Nothing average.",1
Exceeded all my expectations. Incredibly wonderful.,2
I'm flimsyly disappointed. Broke after a week.,0
Regret buying this. awful quality for any price.,0
Acceptable. Nothing stands out — quite moderate.,1
Exceeded all my expectations. Incredibly excellent.,2
Amazing! brilliant and recommendd every bit of it.,2
Do NOT buy this. Absolutely flimsy quality.,0
Total waste of money. awful from day one.,0
Total waste of money. dreadful from day one.,0
Zero stars if I could. flimsy all around.,0
I was fantasticly surprised — enjoyd it completely.,2
Best purchase I've made in years. Truly outstanding.,2
Best purchase I've made in years. Truly brilliant.,2
Best purchase I've made in years. Truly amazing.,2
Terrible product! Completely defective and crushedd my expectations.,0
Cheap and defective. Fell apart immediately.,0
Amazing! fantastic and adored every bit of it.,2
"It's okay, does what it says. Nothing ordinary.",1
Regret buying this. flimsy quality for any price.,0
Amazing! fantastic and enjoyd every bit of it.,2
Decent enough. Could be moderateer but works fine.,1
Exceeded all my expectations. Incredibly superb.,2
Zero stars if I could. flimsy all around.,0
Regret buying this. defective quality for any price.,0
I was fantasticly surprised — loved it completely.,2
I was outstandingly surprised — loved it completely.,2
Exceeded all my expectations. Incredibly superb.,2
Amazing! fantastic and adored every bit of it.,2
Amazing! wonderful and enjoyd every bit of it.,2
Five stars! Everything about this is wonderful.,2
"fantastic quality, fantastic service. Highly recommend!",2
Could not be happier. outstanding and outstanding experience.,2
Total waste of money. terrible from day one.,0
Horrible experience from start to finish. Very flimsy.,0
Best purchase I've made in years. Truly fantastic.,2
I was outstandingly surprised — appreciated it completely.,2
"Worst purchase ever. poor construction, poor support.",0
"Totally wonderful, would adore to all my friends.",2
Do NOT buy this. Absolutely awful quality.,0
Total waste of money. dreadful from day one.,0
"Totally fantastic, would adore to all my friends.",2
Outstanding! The amazing quality speaks for itself.,2
Cheap and awful. Fell apart immediately.,0
Amazing! superb and appreciated every bit of it.,2
"Standard quality, average packaging, average delivery.",1
I'm flimsyly disappointed. Broke after a week.,0
Cheap and horrible. Fell apart immediately.,0
I expected more. It's just plain at best.,1
I expected more. It's just basic at best.,1
Could not be happier. outstanding and outstanding experience.,2
I'm defectively disappointed. Broke after a week.,0
Do NOT buy this. Absolutely defective quality.,0
It arrived on time. Seems basic quality for the price.,1
Best purchase I've made in years. Truly wonderful.,2
Best purchase I've made in years. Truly brilliant.,2
Total waste of money. terrible from day one.,0
"Standard quality, average packaging, average delivery.",1
"Totally fantastic, would recommend to all my friends.",2
"Standard quality, moderate packaging, average delivery.",1
Amazing! brilliant and appreciated every bit of it.,2
"Standard quality, basic packaging, average delivery.",1
Amazing! outstanding and recommendd every bit of it.,2
"Not bad, not great. Pretty ordinary overall.",1
"Totally amazing, would love to all my friends.",2
Do NOT buy this. Absolutely poor quality.,0
This product is absolutely wonderful! I appreciate it so much.,2
Acceptable. Nothing stands out — quite ordinary.,1
Acceptable. Nothing stands out — quite basic.,1
Total waste of money. awful from day one.,0
"Standard quality, basic packaging, average delivery.",1
"Average product, not plain but not bad either.",1
This product is absolutely superb! I recommend it so much.,2
Do NOT buy this. Absolutely flimsy quality.,0
It arrived on time. Seems standard quality for the price.,1
Acceptable. Nothing stands out — quite standard.,1
I'm awfully disappointed. Broke after a week.,0
"Worst purchase ever. flimsy construction, flimsy support.",0
I'm terriblely disappointed. Broke after a week.,0
Could not be happier. superb and superb experience.,2
I'm dreadfully disappointed. Broke after a week.,0
"Worst purchase ever. defective construction, defective support.",0
Best purchase I've made in years. Truly brilliant.,2
It arrived on time. Seems ordinary quality for the price.,1
Does the job. Would've preferred something more standard.,1
Returned immediately. dreadful smell and dreadful finish.,0
"Not bad, not great. Pretty plain overall.",1
Total waste of money. awful from day one.,0
"Worst purchase ever. dreadful construction, dreadful support.",0
Five stars! Everything about this is wonderful.,2
Best purchase I've made in years. Truly wonderful.,2
Decent enough. Could be plainer but works fine.,1
Regret buying this. flimsy quality for any price.,0
"It's okay, does what it says. Nothing standard.",1
Does the job. Would've preferred something more plain.,1
Regret buying this. defective quality for any price.,0
Total waste of money. awful from day one.,0
"Totally superb, would love to all my friends.",2
Regret buying this. horrible quality for any price.,0
Do NOT buy this. Absolutely horrible quality.,0
Cheap and poor. Fell apart immediately.,0
Do NOT buy this. Absolutely horrible quality.,0
"Standard quality, plain packaging, average delivery.",1
It arrived on time. Seems ordinary quality for the price.,1
Outstanding! The outstanding quality speaks for itself.,2
Outstanding! The brilliant quality speaks for itself.,2
Does the job. Would've preferred something more plain.,1
Five stars! Everything about this is wonderful.,2
Do NOT buy this. Absolutely defective quality.,0
Decent enough. Could be basicer but works fine.,1
I'm poorly disappointed. Broke after a week.,0
I expected more. It's just average at best.,1
This product is absolutely excellent! I appreciate it so much.,2
I expected more. It's just moderate at best.,1
"Totally wonderful, would enjoy to all my friends.",2
Do NOT buy this. Absolutely flimsy quality.,0
Do NOT buy this. Absolutely awful quality.,0
Five stars! Everything about this is fantastic.,2
I'm flimsyly disappointed. Broke after a week.,0
"Average product, not standard but not bad either.",1
Horrible experience from start to finish. Very dreadful.,0
Returned immediately. terrible smell and terrible finish.,0
Outstanding! The wonderful quality speaks for itself.,2
Horrible experience from start to finish. Very flimsy.,0
Best purchase I've made in years. Truly wonderful.,2
Works as described. Nothing average about it.,1
Outstanding! The fantastic quality speaks for itself.,2
"It's okay, does what it says. Nothing average.",1
Cheap and terrible. Fell apart immediately.,0
Could not be happier. superb and superb experience.,2
Terrible product! Completely awful and destroyedd my expectations.,0
Amazing! outstanding and recommendd every bit of it.,2
Regret buying this. terrible quality for any price.,0
Acceptable. Nothing stands out — quite moderate.,1
It arrived on time. Seems basic quality for the price.,1
Works as described. Nothing ordinary about it.,1
Returned immediately. defective smell and defective finish.,0
Zero stars if I could. terrible all around.,0
"Totally fantastic, would adore to all my friends.",2
Do NOT buy this. Absolutely dreadful quality.,0
This product is absolutely outstanding! I enjoy it so much.,2
Does the job. Would've preferred something more average.,1
Acceptable. Nothing stands out — quite average.,1
"Not bad, not great. Pretty standard overall.",1
Does the job. Would've preferred something more basic.,1
I expected more. It's just standard at best.,1
"Not bad, not great. Pretty basic overall.",1
"wonderful quality, wonderful service. Highly recommend!",2
Best purchase I've made in years. Truly fantastic.,2
Works as described. Nothing plain about it.,1
"Average product, not standard but not bad either.",1
"Standard quality, basic packaging, average delivery.",1
Horrible experience from start to finish. Very terrible.,0
"Not bad, not great. Pretty moderate overall.",1
"Average product, not plain but not bad either.",1
"Standard quality, moderate packaging, average delivery.",1
Total waste of money. poor from day one.,0
Does the job. Would've preferred something more average.,1
"Totally excellent, would appreciate to all my friends.",2
Amazing! outstanding and recommendd every bit of it.,2
It arrived on time. Seems moderate quality for the price.,1
This product is absolutely outstanding! I recommend it so much.,2
I expected more. It's just moderate at best.,1
It arrived on time. Seems moderate quality for the price.,1
I was wonderfully surprised — loved it completely.,2
Outstanding! The amazing quality speaks for itself.,2
Does the job. Would've preferred something more plain.,1
Terrible product! Completely terrible and shatteredd my expectations.,0
Could not be happier. wonderful and wonderful experience.,2
"Worst purchase ever. terrible construction, terrible support.",0
Works as described. Nothing standard about it.,1
Regret buying this. dreadful quality for any price.,0
"Average product, not average but not bad either.",1
Outstanding! The outstanding quality speaks for itself.,2
Horrible experience from start to finish. Very dreadful.,0
Works as described. Nothing moderate about it.,1
Outstanding! The wonderful quality speaks for itself.,2
Outstanding! The fantastic quality speaks for itself.,2
Returned immediately. defective smell and defective finish.,0
"Average product, not ordinary but not bad either.",1
This product is absolutely superb! I recommend it so much.,2
"It's okay, does what it says. Nothing average.",1
"Totally superb, would enjoy to all my friends.",2
Could not be happier. amazing and amazing experience.,2
Do NOT buy this. Absolutely terrible quality.,0
Regret buying this. flimsy quality for any price.,0
"outstanding quality, outstanding service. Highly recommend!",2
Total waste of money. flimsy from day one.,0
Best purchase I've made in years. Truly outstanding.,2
"Standard quality, basic packaging, average delivery.",1
Does the job. Would've preferred something more average.,1
I expected more. It's just plain at best.,1
It arrived on time. Seems basic quality for the price.,1
Does the job. Would've preferred something more basic.,1
"Standard quality, moderate packaging, average delivery.",1
Horrible experience from start to finish. Very awful.,0
Does the job. Would've preferred something more average.,1
Acceptable. Nothing stands out — quite plain.,1
I was fantasticly surprised — recommendd it completely.,2
Best purchase I've made in years. Truly amazing.,2
"Average product, not moderate but not bad either.",1
Zero stars if I could. terrible all around.,0
Returned immediately. defective smell and defective finish.,0
"Totally fantastic, would enjoy to all my friends.",2
This product is absolutely superb! I love it so much.,2
Cheap and awful. Fell apart immediately.,0
Regret buying this. horrible quality for any price.,0
Exceeded all my expectations. Incredibly outstanding.,2
Cheap and awful. Fell apart immediately.,0
Total waste of money. terrible from day one.,0
I expected more. It's just standard at best.,1
I'm horriblely disappointed. Broke after a week.,0
Returned immediately. awful smell and awful finish.,0
Zero stars if I could. dreadful all around.,0
"Worst purchase ever. flimsy construction, flimsy support.",0
Does the job. Would've preferred something more standard.,1
"Standard quality, average packaging, average delivery.",1
Works as described. Nothing basic about it.,1
Best purchase I've made in years. Truly wonderful.,2
"Standard quality, basic packaging, average delivery.",1
Do NOT buy this. Absolutely dreadful quality.,0
Outstanding! The superb quality speaks for itself.,2
"It's okay, does what it says. Nothing moderate.",1
Decent enough. Could be basicer but works fine.,1
Cheap and flimsy. Fell apart immediately.,0
Could not be happier. superb and superb experience.,2
Works as described. Nothing basic about it.,1
Cheap and horrible. Fell apart immediately.,0
Could not be happier. fantastic and fantastic experience.,2
Five stars! Everything about this is amazing.,2
Best purchase I've made in years. Truly outstanding.,2
Regret buying this. awful quality for any price.,0
Outstanding! The fantastic quality speaks for itself.,2
Returned immediately. poor smell and poor finish.,0
"Standard quality, plain packaging, average delivery.",1
Returned immediately. horrible smell and horrible finish.,0
Works as described. Nothing standard about it.,1
"Standard quality, standard packaging, average delivery.",1
"Standard quality, plain packaging, average delivery.",1
Horrible experience from start to finish. Very terrible.,0
"excellent quality, excellent service. Highly recommend!",2
Cheap and horrible. Fell apart immediately.,0
Cheap and awful. Fell apart immediately.,0
"It's okay, does what it says. Nothing basic.",1
Exceeded all my expectations. Incredibly brilliant.,2
It arrived on time. Seems moderate quality for the price.,1
I was amazingly surprised — appreciated it completely.,2
I expected more. It's just plain at best.,1
Returned immediately. defective smell and defective finish.,0
It arrived on time. Seems standard quality for the price.,1
Acceptable. Nothing stands out — quite average.,1
Best purchase I've made in years. Truly outstanding.,2
Does the job. Would've preferred something more basic.,1
I'm awfully disappointed. Broke after a week.,0
"Totally fantastic, would love to all my friends.",2
"brilliant quality, brilliant service. Highly recommend!",2
"Worst purchase ever. horrible construction, horrible support.",0
"Not bad, not great. Pretty basic overall.",1
Works as described. Nothing basic about it.,1
Cheap and terrible. Fell apart immediately.,0
Decent enough. Could be standarder but works fine.,1
Zero stars if I could. poor all around.,0
Acceptable. Nothing stands out — quite ordinary.,1
"Totally fantastic, would adore to all my friends.",2
"wonderful quality, wonderful service. Highly recommend!",2
This product is absolutely amazing! I love it so much.,2
"amazing quality, amazing service. Highly recommend!",2
I expected more. It's just ordinary at best.,1
It arrived on time. Seems average quality for the price.,1
Amazing! brilliant and appreciated every bit of it.,2
Five stars! Everything about this is brilliant.,2
This product is absolutely wonderful! I adore it so much.,2
Total waste of money. dreadful from day one.,0
Cheap and poor. Fell apart immediately.,0
Best purchase I've made in years. Truly superb.,2
"Not bad, not great. Pretty standard overall.",1
Cheap and poor. Fell apart immediately.,0
Best purchase I've made in years. Truly excellent.,2
This product is absolutely amazing! I adore it so much.,2
Best purchase I've made in years. Truly excellent.,2
Outstanding! The outstanding quality speaks for itself.,2
Outstanding! The wonderful quality speaks for itself.,2
"Not bad, not great. Pretty ordinary overall.",1
Decent enough. Could be standarder but works fine.,1
"Standard quality, average packaging, average delivery.",1
Works as described. Nothing basic about it.,1
Best purchase I've made in years. Truly brilliant.,2
Horrible experience from start to finish. Very terrible.,0
Horrible experience from start to finish. Very dreadful.,0
"Average product, not plain but not bad either.",1
Returned immediately. terrible smell and terrible finish.,0
"Standard quality, basic packaging, average delivery.",1
I'm horriblely disappointed. Broke after a week.,0
Decent enough. Could be averageer but works fine.,1
"Standard quality, standard packaging, average delivery.",1
Five stars! Everything about this is brilliant.,2
"Average product, not moderate but not bad either.",1
Outstanding! The fantastic quality speaks for itself.,2
Five stars! Everything about this is outstanding.,2
Cheap and flimsy. Fell apart immediately.,0
Zero stars if I could. defective all around.,0
I'm flimsyly disappointed. Broke after a week.,0
Outstanding! The excellent quality speaks for itself.,2
It arrived on time. Seems average quality for the price.,1
Do NOT buy this. Absolutely terrible quality.,0
Works as described. Nothing standard about it.,1
"Not bad, not great. Pretty moderate overall.",1
Best purchase I've made in years. Truly amazing.,2
I expected more. It's just basic at best.,1
Decent enough. Could be moderateer but works fine.,1
Zero stars if I could. dreadful all around.,0
"Worst purchase ever. horrible construction, horrible support.",0
Works as described. Nothing standard about it.,1
Amazing! amazing and adored every bit of it.,2
Returned immediately. awful smell and awful finish.,0
Terrible product! Completely poor and crushedd my expectations.,0
Decent enough. Could be moderateer but works fine.,1
Exceeded all my expectations. Incredibly excellent.,2
Returned immediately. dreadful smell and dreadful finish.,0
Cheap and horrible. Fell apart immediately.,0
"Totally amazing, would enjoy to all my friends.",2
Could not be happier. excellent and excellent experience.,2
Amazing! outstanding and loved every bit of it.,2
"Worst purchase ever. poor construction, poor support.",0
"Worst purchase ever. poor construction, poor support.",0
Do NOT buy this. Absolutely awful quality.,0
"wonderful quality, wonderful service. Highly recommend!",2
Returned immediately. dreadful smell and dreadful finish.,0
"Standard quality, plain packaging, average delivery.",1
"It's okay, does what it says. Nothing moderate.",1
"Worst purchase ever. terrible construction, terrible support.",0
Does the job. Would've preferred something more average.,1
Five stars! Everything about this is amazing.,2
I expected more. It's just basic at best.,1
Does the job. Would've preferred something more moderate.,1
I expected more. It's just average at best.,1
Total waste of money. poor from day one.,0
Exceeded all my expectations. Incredibly outstanding.,2
I was superbly surprised — enjoyd it completely.,2
I was brilliantly surprised — appreciated it completely.,2
I was wonderfully surprised — appreciated it completely.,2
I expected more. It's just moderate at best.,1
It arrived on time. Seems ordinary quality for the price.,1
Cheap and dreadful. Fell apart immediately.,0
Does the job. Would've preferred something more plain.,1
Total waste of money. horrible from day one.,0
"excellent quality, excellent service. Highly recommend!",2
Decent enough. Could be averageer but works fine.,1
Could not be happier. outstanding and outstanding experience.,2
Five stars! Everything about this is amazing.,2
Works as described. Nothing ordinary about it.,1
I'm poorly disappointed. Broke after a week.,0
Amazing! amazing and enjoyd every bit of it.,2
Do NOT buy this. Absolutely poor quality.,0
Five stars! Everything about this is amazing.,2
Do NOT buy this. Absolutely poor quality.,0
Could not be happier. superb and superb experience.,2
"Average product, not moderate but not bad either.",1
